# This file uses centimeters as units for non-parametric coordinates.

mtllib Alarme.mtl
g default
v 85.446078 99.152335 -145.742573
v 93.661474 99.152335 -145.742573
v 85.446078 107.365036 -145.742573
v 93.661474 107.365036 -145.742573
v 85.413011 107.398077 -150.101240
v 93.694626 107.398077 -150.101240
v 85.413011 99.119178 -150.101240
v 93.694626 99.119178 -150.101240
v 85.433611 107.377493 -147.234686
v 93.673973 107.377493 -147.234686
v 93.673972 99.139834 -147.234686
v 85.433612 99.139833 -147.234686
v 85.433611 99.139833 -147.502224
v 93.673973 99.139834 -147.502224
v 93.673972 107.377493 -147.502224
v 85.433612 107.377493 -147.502224
v 85.557212 107.253993 -147.271547
v 93.550055 107.253992 -147.271547
v 93.550054 107.253992 -147.475089
v 85.557212 107.253992 -147.475089
v 85.557212 99.263769 -147.475089
v 93.550055 99.263769 -147.475089
v 93.550054 99.263769 -147.271547
v 85.557212 99.263769 -147.271547
v 85.667282 99.569298 -145.726912
v 93.439701 99.569297 -145.726912
v 93.278051 106.946351 -145.726911
v 85.824956 106.946351 -145.726911
v 85.841466 100.916694 -145.739543
v 93.265071 100.916693 -145.739543
v 93.106123 104.979640 -145.734995
v 85.996542 104.979640 -145.734995
v 85.979196 101.272777 -146.008785
v 93.134209 101.272777 -146.008785
v 93.134209 104.508858 -146.008785
v 85.979196 104.508858 -146.008785
v 87.510610 106.527202 -145.732950
v 91.591678 106.527202 -145.732950
v 87.582866 105.417819 -145.732950
v 91.519169 105.417819 -145.732950
v 87.788928 106.347115 -145.764481
v 91.316218 106.347115 -145.764482
v 87.835242 105.597906 -145.764482
v 91.269612 105.597906 -145.764481
v 86.604247 107.435957 -150.101240
v 86.618917 107.415185 -147.502224
v 86.706910 107.290553 -147.475089
v 86.706910 107.290553 -147.271547
v 86.618913 107.415185 -147.234686
v 86.627789 107.402613 -145.742573
v 86.954239 107.137249 -145.726912
v 88.088962 106.712099 -145.732950
v 88.281665 106.478226 -145.769178
v 88.326704 105.466795 -145.769178
v 88.157741 105.232922 -145.732950
v 87.101989 104.830335 -145.739543
v 86.992572 104.514090 -146.016254
v 86.992572 101.269303 -146.016254
v 86.909286 100.905079 -145.739543
v 86.785276 99.548759 -145.726912
v 86.627789 99.129231 -145.742573
v 86.618917 99.116659 -147.234686
v 86.706910 99.241292 -147.271547
v 86.706910 99.241292 -147.475089
v 86.618913 99.116659 -147.502224
v 86.604247 99.095887 -150.101240
v 85.378483 106.189456 -150.101240
v 85.399255 106.174892 -147.502224
v 85.523888 106.087508 -147.475089
v 85.523888 106.087512 -147.271547
v 85.399255 106.174892 -147.234686
v 85.411825 106.166079 -145.742573
v 85.634877 105.804158 -145.726912
v 85.810514 104.442581 -145.739543
v 85.958419 104.040345 -146.016254
v 86.994900 104.034078 -146.025858
v 93.147810 104.040345 -146.016254
v 93.286505 104.442581 -145.739543
v 93.462143 105.804158 -145.726912
v 93.685194 106.166079 -145.742573
v 93.697765 106.174892 -147.234686
v 93.573132 106.087508 -147.271547
v 93.573132 106.087512 -147.475089
v 93.697765 106.174892 -147.502224
v 93.718537 106.189456 -150.101240
v 85.413011 99.119178 -147.922675
v 86.604247 99.095887 -147.922675
v 93.694626 99.119178 -147.922675
v 93.718537 106.189456 -147.922675
v 93.694625 107.398077 -147.922675
v 86.604252 107.435957 -147.922675
v 85.413012 107.398077 -147.922675
v 85.378483 106.189456 -147.922675
v 93.529402 107.233409 -147.403581
v 93.552360 106.072948 -147.403581
v 93.529401 99.284425 -147.403581
v 86.721575 99.262064 -147.403581
v 85.577812 99.284425 -147.403581
v 85.544660 106.072948 -147.403581
v 85.577812 107.233409 -147.403581
v 86.721576 107.269781 -147.403581
v 85.413011 107.398077 -146.978492
v 86.604247 107.435957 -146.978492
v 93.694626 107.398077 -146.978492
v 93.718537 106.189456 -146.978492
v 93.694625 99.119178 -146.978492
v 86.604252 99.095887 -146.978492
v 85.413011 99.119178 -146.978492
v 85.378482 106.189456 -146.978492
v 85.413011 107.398077 -145.995114
v 86.604247 107.435957 -145.995114
v 93.694626 107.398077 -145.995114
v 93.718537 106.189456 -145.995114
v 93.694625 99.119178 -145.995114
v 86.604247 99.095887 -145.995114
v 85.413011 99.119178 -145.995114
v 85.378483 106.189456 -145.995114
v 85.378483 100.240258 -150.101240
v 85.378483 100.240258 -147.922675
v 85.399255 100.255329 -147.502224
v 85.523888 100.345751 -147.475089
v 85.544660 100.360822 -147.403581
v 85.523888 100.345752 -147.271547
v 85.399255 100.255329 -147.234686
v 85.378483 100.240258 -146.978492
v 85.378483 100.240258 -145.995114
v 85.411825 100.264452 -145.742573
v 85.634877 100.557914 -145.726912
v 85.810514 101.475766 -145.739543
v 85.958419 101.708717 -146.016254
v 86.994900 101.711655 -146.025858
v 93.147810 101.708717 -146.016254
v 93.286505 101.475766 -145.739543
v 93.462143 100.557914 -145.726912
v 93.685194 100.264452 -145.742573
v 93.718537 100.240258 -145.995114
v 93.718537 100.240258 -146.978492
v 93.697765 100.255329 -147.234686
v 93.573132 100.345751 -147.271547
v 93.552360 100.360822 -147.403581
v 93.573132 100.345752 -147.475089
v 93.697765 100.255329 -147.502224
v 93.718537 100.240258 -147.922675
v 93.718537 100.240258 -150.101240
v 92.567093 99.095887 -150.101240
v 92.567093 99.095887 -147.922675
v 92.552057 99.116659 -147.502224
v 92.461835 99.241292 -147.475089
v 92.446794 99.262064 -147.403581
v 92.461830 99.241292 -147.271547
v 92.552051 99.116659 -147.234686
v 92.567088 99.095887 -146.978492
v 92.567088 99.095887 -145.995114
v 92.542955 99.129231 -145.742573
v 92.381489 99.548759 -145.726912
v 92.254349 100.905079 -145.739543
v 92.168965 101.269303 -146.016254
v 92.166579 101.711655 -146.025858
v 92.166579 104.034078 -146.025858
v 92.168965 104.514090 -146.016254
v 92.056782 104.830335 -145.739543
v 90.974382 105.232922 -145.732950
v 90.801156 105.466795 -145.769178
v 90.847333 106.478226 -145.769178
v 91.044900 106.712099 -145.732950
v 92.208262 107.137249 -145.726912
v 92.542956 107.402613 -145.742573
v 92.567093 107.435957 -145.995114
v 92.567093 107.435957 -146.978492
v 92.552057 107.415185 -147.234686
v 92.461836 107.290553 -147.271547
v 92.446798 107.269781 -147.403581
v 92.461831 107.290553 -147.475089
v 92.552051 107.415185 -147.502224
v 92.567089 107.435957 -147.922675
v 92.567093 107.435957 -150.101240
v 85.933685 101.233942 -145.943499
v 86.974941 101.224541 -145.943499
v 92.187039 101.224541 -145.943499
v 93.172615 101.233942 -145.943499
v 93.193517 101.686460 -145.943499
v 93.193517 104.087822 -145.943499
v 93.172615 104.575670 -145.943499
v 92.187039 104.590960 -145.943499
v 86.974941 104.590960 -145.943499
v 85.933685 104.575670 -145.943499
v 85.903503 104.087822 -145.943499
v 85.903503 101.686460 -145.943499
v 85.895217 101.178950 -145.830466
v 86.947555 101.169125 -145.830466
v 92.215118 101.169125 -145.830466
v 93.211181 101.178950 -145.830466
v 93.232305 101.651880 -145.830466
v 93.232305 104.161584 -145.830466
v 93.211182 104.671450 -145.830466
v 92.215119 104.687430 -145.830466
v 86.947555 104.687430 -145.830466
v 85.895217 104.671450 -145.830466
v 85.864715 104.161584 -145.830466
v 85.864715 101.651880 -145.830466
v 89.585344 101.711655 -146.025858
v 93.178436 101.699903 -145.987443
v 93.193517 102.884197 -145.943499
v 93.147810 102.871672 -146.016254
v 93.359821 101.027004 -145.726912
v 93.462143 103.174603 -145.726912
v 93.286505 102.955535 -145.739543
v 93.585165 100.337033 -145.726912
v 93.685194 103.208029 -145.742573
v 93.718537 103.207562 -146.978492
v 93.718537 100.240258 -147.185876
v 93.697765 103.207851 -147.234686
v 93.635449 100.300540 -147.250956
v 93.573132 103.209588 -147.271547
v 93.552360 103.209880 -147.403581
v 93.552360 100.360822 -147.449631
v 93.573132 103.209591 -147.475089
v 93.635449 100.300540 -147.483576
v 93.697765 103.207852 -147.502224
v 93.718537 100.240258 -147.558170
v 93.718537 103.207562 -147.922675
v 85.516595 99.095887 -150.101240
v 86.604247 99.095887 -148.867002
v 85.413011 99.119178 -148.867002
v 92.567093 99.095887 -148.867002
v 89.590979 99.095887 -150.101240
v 93.718537 106.189456 -148.867002
v 93.718537 100.240258 -148.867002
v 93.718537 103.207562 -150.101240
v 93.718537 107.284435 -150.101240
v 93.694626 107.398077 -148.867002
v 86.604250 107.435957 -148.867002
v 92.567091 107.435957 -148.867002
v 89.590979 107.435957 -150.101240
v 85.516595 107.435957 -150.101240
v 85.413011 107.398077 -148.867002
v 85.378483 106.189456 -148.867002
v 85.378483 107.284435 -150.101240
v 85.378483 100.240258 -148.867002
v 85.378483 103.207562 -150.101240
v 93.552360 106.072946 -147.333321
v 93.529402 107.233409 -147.333321
v 93.552360 100.360822 -147.333321
v 86.721575 99.262064 -147.333321
v 92.446793 99.262064 -147.333321
v 85.577812 99.284425 -147.333321
v 85.544660 106.072949 -147.333321
v 85.544660 100.360822 -147.333321
v 85.577812 107.233409 -147.333321
v 86.721576 107.269781 -147.333321
v 92.446799 107.269781 -147.333321
v 85.516595 107.435957 -145.995114
v 86.604247 107.435957 -146.486498
v 85.413011 107.398077 -146.486498
v 92.567093 107.435957 -146.486498
v 89.590979 107.435957 -145.995114
v 93.718537 107.284435 -145.995114
v 93.718537 106.189456 -146.486498
v 93.694626 107.398077 -146.486498
v 93.718537 103.207562 -145.995114
v 93.718537 100.240258 -146.486498
v 92.567088 99.095887 -146.486498
v 89.590976 99.095887 -145.995114
v 86.604249 99.095887 -146.486498
v 85.516595 99.095887 -145.995114
v 85.413011 99.119178 -146.486498
v 85.378483 100.240258 -146.486498
v 85.378483 103.207562 -145.995114
v 85.378483 106.189456 -146.486498
v 85.378483 107.284435 -145.995114
v 86.604247 107.435957 -145.789556
v 85.413011 107.398077 -145.789556
v 92.567093 107.435957 -145.789556
v 93.718537 106.189456 -145.789556
v 93.694626 107.398077 -145.789556
v 93.718537 100.240258 -145.789556
v 86.604247 99.095887 -145.789556
v 92.567090 99.095887 -145.789556
v 85.413011 99.119178 -145.789556
v 85.378483 106.189456 -145.789556
v 85.378483 100.240258 -145.789556
v 85.378483 99.189049 -147.922675
v 85.378483 99.189049 -150.101240
v 85.399255 99.209356 -147.502224
v 85.523888 99.331200 -147.475089
v 85.544660 99.351508 -147.403581
v 85.523888 99.331200 -147.271547
v 85.399255 99.209356 -147.234686
v 85.378483 99.189049 -146.978492
v 85.378483 99.189049 -145.995114
v 85.411826 99.221648 -145.742573
v 85.634877 99.630914 -145.726912
v 85.810514 100.951537 -145.739543
v 85.903503 101.262145 -145.943499
v 85.958419 101.296724 -146.016254
v 86.994900 101.301288 -146.025858
v 92.166579 101.301288 -146.025858
v 93.193517 101.262145 -145.943499
v 93.147810 101.296724 -146.016254
v 93.157621 101.255322 -145.987443
v 93.462143 99.630914 -145.726912
v 93.286505 100.951537 -145.739543
v 93.337965 100.256501 -145.726912
v 93.685194 99.221648 -145.742573
v 93.562018 99.251809 -145.726912
v 93.694626 99.119178 -145.789556
v 93.718537 99.189049 -145.995114
v 93.694625 99.119178 -146.486498
v 93.718537 99.189049 -146.978492
v 93.694625 99.119178 -147.185876
v 93.697765 99.209356 -147.234686
v 93.612013 99.201801 -147.250956
v 93.573132 99.331200 -147.271547
v 93.552360 99.351508 -147.403581
v 93.529401 99.284425 -147.333321
v 93.529401 99.284425 -147.449631
v 93.573132 99.331200 -147.475089
v 93.697765 99.209356 -147.502224
v 93.612014 99.201801 -147.483576
v 93.718537 99.189049 -147.922675
v 93.694626 99.119178 -147.558170
v 93.694626 99.119178 -148.867002
v 93.718537 99.189049 -150.101240
v 93.622894 99.095887 -147.922675
v 93.622894 99.095887 -150.101240
v 93.602598 99.116659 -147.502224
v 93.480822 99.241292 -147.475089
v 93.460523 99.262064 -147.403581
v 93.480819 99.241292 -147.271547
v 93.602594 99.116659 -147.234686
v 93.622890 99.095887 -146.978492
v 93.622890 99.095887 -145.995114
v 93.590314 99.129231 -145.742573
v 93.372376 99.548759 -145.726912
v 93.200766 100.905079 -145.739543
v 93.109912 101.224541 -145.943499
v 93.085516 101.269303 -146.016254
v 93.082296 101.711655 -146.025858
v 93.082296 104.034078 -146.025858
v 93.085516 104.514090 -146.016254
v 93.109912 104.590960 -145.943499
v 92.934096 104.830335 -145.739543
v 91.473107 105.232922 -145.732950
v 91.239291 105.466795 -145.769178
v 91.301622 106.478226 -145.769178
v 91.568292 106.712099 -145.732950
v 93.138560 107.137249 -145.726912
v 93.590315 107.402613 -145.742573
v 93.622894 107.435957 -145.995114
v 93.622894 107.435957 -146.978492
v 93.602598 107.415185 -147.234686
v 93.480823 107.290553 -147.271547
v 93.460526 107.269781 -147.403581
v 93.480819 107.290553 -147.475089
v 93.602594 107.415185 -147.502224
v 93.622890 107.435957 -147.922675
v 93.622894 107.435957 -150.101240
v 85.986724 101.169125 -145.830466
v 86.961615 101.197576 -145.888496
v 85.914967 101.207183 -145.888496
v 89.586026 101.169125 -145.830466
v 92.200703 101.197576 -145.888496
v 93.147812 101.169125 -145.830466
v 93.191382 101.207183 -145.888496
v 93.232305 101.208424 -145.830466
v 93.212391 101.669633 -145.888496
v 93.232305 102.903654 -145.830466
v 93.212391 104.123715 -145.888496
v 93.232305 104.623508 -145.830466
v 93.191382 104.622276 -145.888496
v 93.147812 104.687430 -145.830466
v 92.200703 104.637902 -145.888496
v 89.586026 104.687430 -145.830466
v 86.961615 104.637902 -145.888496
v 85.986724 104.687430 -145.830466
v 85.914967 104.622276 -145.888496
v 85.864715 104.623508 -145.830466
v 85.884629 104.123715 -145.888496
v 85.864715 102.903654 -145.830466
v 85.884629 101.669633 -145.888496
v 85.864715 101.208424 -145.830466
v 86.934704 101.143125 -145.777438
v 85.877168 101.153148 -145.777438
v 92.228292 101.143125 -145.777438
v 93.229277 101.153148 -145.777438
v 93.250505 101.635658 -145.777438
v 93.250505 104.196190 -145.777438
v 93.229277 104.716385 -145.777438
v 92.228292 104.732690 -145.777438
v 86.934704 104.732690 -145.777438
v 85.877168 104.716385 -145.777438
v 85.846515 104.196190 -145.777438
v 85.846515 101.635658 -145.777438
v 86.994900 104.461532 -146.025858
v 89.585344 104.034078 -146.025858
v 92.166579 104.461532 -146.025858
v 89.585377 104.514090 -146.016254
v 86.721576 107.269781 -147.449631
v 89.589284 107.269781 -147.403581
v 92.446796 107.269781 -147.449631
v 89.589493 107.290553 -147.475089
v 92.446796 99.262064 -147.449631
v 89.589281 99.262064 -147.403581
v 86.721576 99.262064 -147.449631
v 89.589496 99.241292 -147.475089
v 93.552360 107.124295 -147.403581
v 93.552360 106.072949 -147.449631
v 93.573132 107.144313 -147.475089
v 93.529401 107.233409 -147.449631
v 85.523888 107.144310 -147.475089
v 85.544660 106.072946 -147.449631
v 85.544660 107.124295 -147.403581
v 85.577812 107.233409 -147.449631
v 86.604247 107.435957 -147.185876
v 89.590979 107.435957 -146.978492
v 92.567093 107.435957 -147.185876
v 89.590767 107.415185 -147.234686
v 93.718537 107.284435 -146.978492
v 93.718537 106.189456 -147.185876
v 93.697765 107.264417 -147.234686
v 93.694626 107.398077 -147.185876
v 92.567088 99.095887 -147.185876
v 89.590978 99.095887 -146.978492
v 86.604252 99.095887 -147.185876
v 89.590766 99.116659 -147.234686
v 85.399255 107.264418 -147.234686
v 85.378483 106.189456 -147.185876
v 85.378483 107.284435 -146.978492
v 85.413011 107.398077 -147.185876
v 86.604247 99.095887 -147.558170
v 89.590979 99.095887 -147.922675
v 92.567093 99.095887 -147.558170
v 89.590767 99.116659 -147.502224
v 93.697765 107.264418 -147.502224
v 93.718537 106.189456 -147.558170
v 93.718537 107.284435 -147.922675
v 93.694625 107.398077 -147.558170
v 92.567088 107.435957 -147.558170
v 89.590979 107.435957 -147.922675
v 86.604252 107.435957 -147.558170
v 89.590766 107.415185 -147.502224
v 85.378483 107.284435 -147.922675
v 85.378483 106.189456 -147.558170
v 85.399255 107.264417 -147.502224
v 85.413012 107.398077 -147.558170
v 86.662912 107.352869 -147.250956
v 92.506946 107.352869 -147.250956
v 89.589496 107.290553 -147.271547
v 92.506941 107.352869 -147.483576
v 86.662914 107.352869 -147.483576
v 86.662912 99.178976 -147.483576
v 92.506946 99.178976 -147.483576
v 92.506941 99.178976 -147.250956
v 86.662914 99.178976 -147.250956
v 89.589493 99.241292 -147.271547
v 93.635449 106.131199 -147.250956
v 93.573132 107.144310 -147.271547
v 93.612014 107.315743 -147.250956
v 93.635449 106.131202 -147.483576
v 93.612013 107.315743 -147.483576
v 85.461571 106.131199 -147.483576
v 85.495412 107.315743 -147.483576
v 85.461571 106.131202 -147.250956
v 85.495411 107.315743 -147.250956
v 85.523888 107.144313 -147.271547
v 86.698415 99.229263 -145.726912
v 89.590638 99.129231 -145.742573
v 92.470545 99.229263 -145.726912
v 89.588364 99.548759 -145.726912
v 93.585165 106.095948 -145.726912
v 93.685194 107.252303 -145.742573
v 93.562018 107.265913 -145.726912
v 93.462143 106.769756 -145.726912
v 92.470545 107.302582 -145.726912
v 89.590639 107.402613 -145.742573
v 86.698415 107.302582 -145.726912
v 89.585928 107.137249 -145.726912
v 85.411826 107.252303 -145.742573
v 85.511855 106.095948 -145.726912
v 85.634877 106.769756 -145.726912
v 85.545279 107.265913 -145.726912
v 86.857522 100.240494 -145.726912
v 92.307420 100.240494 -145.726912
v 89.586576 100.905079 -145.739543
v 93.359821 105.115803 -145.726912
v 93.103703 105.946475 -145.726912
v 93.286505 104.988641 -145.739543
v 90.824244 105.972510 -145.775216
v 89.566783 106.478226 -145.769178
v 88.304184 105.972510 -145.775216
v 89.566132 105.466795 -145.769178
v 85.737199 105.115803 -145.726912
v 85.810514 104.988641 -145.739543
v 85.993317 105.946475 -145.726912
v 86.985590 101.246085 -145.987443
v 89.585630 101.224541 -145.943499
v 92.176122 101.246085 -145.987443
v 89.585377 101.269303 -146.016254
v 93.178436 104.059146 -145.987443
v 93.193517 104.529802 -145.943499
v 93.157621 104.538439 -145.987443
v 93.147810 104.469493 -146.016254
v 92.176122 104.553461 -145.987443
v 89.585630 104.590960 -145.943499
v 86.985590 104.553461 -145.987443
v 85.903503 104.529802 -145.943499
v 85.918583 104.059146 -145.987443
v 85.958419 104.469493 -146.016254
v 85.948640 104.538439 -145.987443
v 91.614513 106.908002 -145.726912
v 87.533371 106.908002 -145.726912
v 89.569562 106.712099 -145.732950
v 86.834627 105.270892 -145.726912
v 87.530025 105.972510 -145.732950
v 86.734865 106.674129 -145.726912
v 87.628335 105.037019 -145.726912
v 89.583797 104.830335 -145.739543
v 91.517151 105.037019 -145.726912
v 89.568569 105.232922 -145.732950
v 92.369424 106.674129 -145.726912
v 91.566999 105.972510 -145.732950
v 92.269317 105.270892 -145.726912
v 90.855029 106.646798 -145.751064
v 88.274158 106.646798 -145.751064
v 87.832279 105.466795 -145.751064
v 87.800735 105.972510 -145.769178
v 87.769191 106.478226 -145.751064
v 88.334210 105.298223 -145.751064
v 90.793460 105.298223 -145.751064
v 91.332430 106.478226 -145.751064
v 91.300775 105.972510 -145.769178
v 91.269120 105.466795 -145.751064
v 85.536683 107.415185 -147.502224
v 85.516598 107.435957 -147.922675
v 85.657184 107.290553 -147.475089
v 85.677268 107.269781 -147.403581
v 85.536679 107.415185 -147.234686
v 85.657184 107.290553 -147.271547
v 85.516595 107.435957 -146.978492
v 85.548834 107.402613 -145.742573
v 85.995878 107.137249 -145.726912
v 87.549783 106.712099 -145.732950
v 87.813674 106.478226 -145.769178
v 87.875352 105.466795 -145.769178
v 87.643973 105.232922 -145.732950
v 86.198210 104.830335 -145.739543
v 86.024228 104.590960 -145.943499
v 86.048371 104.514090 -146.016254
v 86.051558 104.034078 -146.025858
v 86.024228 101.224541 -145.943499
v 86.048371 101.269303 -146.016254
v 85.948640 101.255322 -145.987443
v 85.764499 99.548759 -145.726912
v 85.934319 100.905079 -145.739543
v 85.768757 100.256501 -145.726912
v 85.548834 99.129231 -145.742573
v 85.545279 99.251809 -145.726912
v 85.536683 99.116659 -147.234686
v 85.516598 99.095887 -146.978492
v 85.413012 99.119178 -147.185876
v 85.495412 99.201801 -147.250956
v 85.657184 99.241292 -147.271547
v 85.657184 99.241292 -147.475089
v 85.677268 99.262064 -147.403581
v 85.577812 99.284425 -147.449631
v 85.536679 99.116659 -147.502224
v 85.495411 99.201801 -147.483576
v 85.516595 99.095887 -147.922675
v 85.413011 99.119178 -147.558170
v 85.378483 103.207562 -147.922675
v 85.378483 100.240258 -147.558170
v 85.399255 103.207851 -147.502224
v 85.461571 100.300540 -147.483576
v 85.523888 103.209588 -147.475089
v 85.544660 100.360822 -147.449631
v 85.544660 103.209880 -147.403581
v 85.461571 100.300540 -147.250956
v 85.399255 103.207852 -147.234686
v 85.523888 103.209591 -147.271547
v 85.378483 100.240258 -147.185876
v 85.378483 103.207562 -146.978492
v 85.411826 103.208029 -145.742573
v 85.511855 100.337033 -145.726912
v 85.634877 103.174603 -145.726912
v 85.737199 101.027004 -145.726912
v 85.810514 102.955535 -145.739543
v 85.903503 102.884197 -145.943499
v 85.918583 101.699903 -145.987443
v 85.958419 102.871672 -146.016254
v 86.051558 101.711655 -146.025858
v 86.994900 102.870018 -146.025858
v 92.166579 102.870018 -146.025858
v 89.585344 104.461532 -146.025858
v 89.589283 107.269781 -147.449631
v 89.589283 99.262064 -147.449631
v 93.552360 107.124295 -147.449631
v 85.544660 107.124293 -147.449631
v 89.590979 107.435957 -147.185876
v 93.718537 107.284435 -147.185876
v 89.590979 99.095887 -147.185876
v 85.378483 107.284435 -147.185876
v 89.590979 99.095887 -147.558170
v 93.718537 107.284435 -147.558170
v 89.590979 107.435957 -147.558170
v 85.378483 107.284435 -147.558170
v 89.590132 107.352869 -147.250956
v 89.590130 107.352869 -147.483576
v 89.590132 99.178976 -147.483576
v 89.590130 99.178976 -147.250956
v 93.635449 107.204363 -147.250956
v 93.635449 107.204365 -147.483576
v 85.461571 107.204363 -147.483576
v 85.461571 107.204365 -147.250956
v 89.589619 99.229263 -145.726912
v 93.585165 107.155905 -145.726912
v 89.589619 107.302582 -145.726912
v 85.511855 107.155905 -145.726912
v 89.587322 100.240494 -145.726912
v 93.359821 105.868368 -145.726912
v 89.566457 105.972510 -145.775216
v 85.737199 105.868368 -145.726912
v 89.585477 101.246085 -145.987443
v 93.178436 104.493375 -145.987443
v 89.585477 104.553461 -145.987443
v 85.918583 104.493375 -145.987443
v 89.577575 106.908002 -145.726912
v 86.761671 105.972510 -145.726912
v 89.576205 105.037019 -145.726912
v 92.335351 105.972510 -145.726912
v 89.566891 106.646798 -145.751064
v 87.786143 105.972510 -145.751064
v 89.566024 105.298223 -145.751064
v 91.310881 105.972510 -145.751064
v 85.516599 107.435957 -147.558170
v 85.596933 107.352869 -147.483576
v 85.677268 107.269781 -147.449631
v 85.596931 107.352869 -147.250956
v 85.516595 107.435957 -147.185876
v 85.645550 107.302582 -145.726912
v 86.788950 106.908002 -145.726912
v 87.803394 106.646798 -145.751064
v 87.844513 105.972510 -145.775216
v 87.885632 105.298223 -145.751064
v 86.918995 105.037019 -145.726912
v 86.038810 104.553461 -145.987443
v 86.051558 104.461532 -146.025858
v 86.038810 101.246085 -145.987443
v 85.863432 100.240494 -145.726912
v 85.645550 99.229263 -145.726912
v 85.516599 99.095887 -147.185876
v 85.596933 99.178976 -147.250956
v 85.677268 99.262064 -147.449631
v 85.596931 99.178976 -147.483576
v 85.516595 99.095887 -147.558170
v 85.378483 103.207562 -147.558170
v 85.461571 103.208719 -147.483576
v 85.544660 103.209878 -147.449631
v 85.461571 103.208721 -147.250956
v 85.378483 103.207562 -147.185876
v 85.511855 103.209429 -145.726912
v 85.737199 103.066390 -145.726912
v 85.918583 102.876632 -145.987443
v 86.051558 102.870018 -146.025858
v 89.585344 102.870018 -146.025858
v 93.178436 102.876632 -145.987443
v 93.359821 103.066390 -145.726912
v 93.585165 103.209429 -145.726912
v 93.718537 103.207562 -147.185876
v 93.635449 103.208719 -147.250956
v 93.552360 103.209880 -147.449631
v 93.635449 103.208721 -147.483576
v 93.718537 103.207562 -147.558170
v 85.516595 99.095887 -148.867002
v 89.590979 99.095887 -148.867002
v 93.718537 103.207562 -148.867002
v 93.718537 107.284435 -148.867002
v 89.590979 107.435957 -148.867002
v 85.516597 107.435957 -148.867002
v 85.378483 107.284435 -148.867002
v 85.378483 103.207562 -148.867002
v 93.552360 107.124293 -147.333321
v 93.552360 103.209878 -147.333321
v 89.589281 99.262064 -147.333321
v 85.677268 99.262064 -147.333321
v 85.544660 103.209880 -147.333321
v 85.544660 107.124295 -147.333321
v 85.677268 107.269781 -147.333321
v 89.589285 107.269781 -147.333321
v 85.516595 107.435957 -146.486498
v 89.590979 107.435957 -146.486498
v 93.718537 107.284435 -146.486498
v 93.718537 103.207562 -146.486498
v 89.590977 99.095887 -146.486498
v 85.516597 99.095887 -146.486498
v 85.378483 103.207562 -146.486498
v 85.378483 107.284435 -146.486498
v 85.516595 107.435957 -145.789556
v 89.590979 107.435957 -145.789556
v 93.718537 107.284435 -145.789556
v 93.718537 103.207562 -145.789556
v 89.590977 99.095887 -145.789556
v 85.516595 99.095887 -145.789556
v 85.378483 103.207562 -145.789556
v 85.378483 107.284435 -145.789556
v 85.378483 99.189049 -148.867002
v 85.378483 99.189049 -147.558170
v 85.461571 99.270278 -147.483576
v 85.544660 99.351508 -147.449631
v 85.544660 99.351508 -147.333321
v 85.461571 99.270278 -147.250956
v 85.378483 99.189049 -147.185876
v 85.378483 99.189049 -146.486498
v 85.378483 99.189049 -145.789556
v 85.511855 99.319446 -145.726912
v 85.737199 100.304523 -145.726912
v 85.918583 101.283030 -145.987443
v 86.051558 101.301288 -146.025858
v 89.585344 101.301288 -146.025858
v 93.178436 101.283030 -145.987443
v 93.359821 100.304523 -145.726912
v 93.585165 99.319446 -145.726912
v 93.718537 99.189049 -145.789556
v 93.718537 99.189049 -146.486498
v 93.718537 99.189049 -147.185876
v 93.635449 99.270278 -147.250956
v 93.552360 99.351508 -147.333321
v 93.552360 99.351508 -147.449631
v 93.635449 99.270278 -147.483576
v 93.718537 99.189049 -147.558170
v 93.718537 99.189049 -148.867002
v 93.622894 99.095887 -148.867002
v 93.622894 99.095887 -147.558170
v 93.541710 99.178976 -147.483576
v 93.460525 99.262064 -147.449631
v 93.460523 99.262064 -147.333321
v 93.541706 99.178976 -147.250956
v 93.622890 99.095887 -147.185876
v 93.622890 99.095887 -146.486498
v 93.622892 99.095887 -145.789556
v 93.492578 99.229263 -145.726912
v 93.272400 100.240494 -145.726912
v 93.095177 101.246085 -145.987443
v 93.082296 101.301288 -146.025858
v 93.082296 102.870018 -146.025858
v 93.082296 104.461532 -146.025858
v 93.095177 104.553461 -145.987443
v 92.205719 105.037019 -145.726912
v 91.228902 105.298223 -145.751064
v 91.270456 105.972510 -145.775216
v 91.312011 106.646798 -145.751064
v 92.337137 106.908002 -145.726912
v 93.492578 107.302582 -145.726912
v 93.622894 107.435957 -145.789556
v 93.622894 107.435957 -146.486498
v 93.622894 107.435957 -147.185876
v 93.541710 107.352869 -147.250956
v 93.460527 107.269781 -147.333321
v 93.460525 107.269781 -147.449631
v 93.541706 107.352869 -147.483576
v 93.622890 107.435957 -147.558170
v 93.622892 107.435957 -148.867002
v 86.005979 101.197576 -145.888496
v 89.585823 101.197576 -145.888496
v 93.128354 101.197576 -145.888496
v 93.212391 101.236004 -145.888496
v 93.212391 102.893665 -145.888496
v 93.212391 104.575399 -145.888496
v 93.128354 104.637902 -145.888496
v 89.585823 104.637902 -145.888496
v 86.005979 104.637902 -145.888496
v 85.884629 104.575399 -145.888496
v 85.884629 102.893665 -145.888496
v 85.884629 101.236004 -145.888496
v 85.969127 101.143125 -145.777438
v 89.586211 101.143125 -145.777438
v 93.165593 101.143125 -145.777438
v 93.250505 101.183219 -145.777438
v 93.250505 102.912784 -145.777438
v 93.250505 104.667472 -145.777438
v 93.165593 104.732690 -145.777438
v 89.586211 104.732690 -145.777438
v 85.969127 104.732690 -145.777438
v 85.846515 104.667472 -145.777438
v 85.846515 102.912784 -145.777438
v 85.846515 101.183219 -145.777438
vt 0.356570 0.356766
vt 0.632078 0.360009
vt 0.354896 0.639766
vt 0.628479 0.642286
vt 0.000512 0.630100
vt 0.349269 0.993340
vt 0.614770 1.000000
vt 0.983289 0.640884
vt 0.370187 0.000000
vt -0.000000 0.364477
vt 0.987716 0.375211
vt 0.635382 0.005046
vt 0.235265 0.634510
vt 0.354942 0.758328
vt 0.747235 0.638480
vt 0.624445 0.763886
vt 0.752889 0.366614
vt 0.631499 0.240827
vt 0.361514 0.235176
vt 0.236344 0.362100
vt 0.362647 0.205480
vt 0.207123 0.362742
vt 0.782479 0.367964
vt 0.631797 0.211803
vt 0.776419 0.638526
vt 0.623577 0.794077
vt 0.205784 0.633660
vt 0.354443 0.787207
vt 0.229982 0.629300
vt 0.359957 0.763710
vt 0.752523 0.633438
vt 0.619248 0.769272
vt 0.770968 0.633534
vt 0.618769 0.788239
vt 0.211342 0.628762
vt 0.359639 0.781908
vt 0.367498 0.211248
vt 0.212645 0.367815
vt 0.776795 0.372939
vt 0.626641 0.217114
vt 0.758200 0.372093
vt 0.626410 0.235450
vt 0.366886 0.229964
vt 0.231041 0.367543
vt 0.366130 0.372613
vt 0.622711 0.375754
vt 0.613597 0.626279
vt 0.369759 0.623716
vt 0.371900 0.418904
vt 0.616053 0.421797
vt 0.608886 0.559160
vt 0.375793 0.556484
vt 0.387260 0.438678
vt 0.600727 0.442074
vt 0.599412 0.534800
vt 0.385911 0.532229
vt 0.426389 0.611160
vt 0.556060 0.612909
vt 0.428996 0.574131
vt 0.554635 0.575898
vt 0.437031 0.604662
vt 0.545573 0.606131
vt 0.438729 0.581400
vt 0.544774 0.582953
vt 0.358107 0.993552
vt 0.394423 0.788701
vt 0.397287 0.782683
vt 0.397565 0.765476
vt 0.394923 0.758589
vt 0.395995 0.640149
vt 0.406960 0.630700
vt 0.444863 0.617662
vt 0.452017 0.608483
vt 0.453814 0.577893
vt 0.447642 0.568352
vt 0.413125 0.553657
vt 0.415316 0.532679
vt 0.416806 0.439097
vt 0.408065 0.414781
vt 0.403268 0.371215
vt 0.397930 0.356545
vt 0.401551 0.236715
vt 0.404584 0.229834
vt 0.405123 0.212317
vt 0.402637 0.206067
vt 0.379010 0.000511
vt 0.000859 0.620412
vt 0.205597 0.592804
vt 0.211772 0.590262
vt 0.229231 0.590675
vt 0.236134 0.593496
vt 0.355168 0.596896
vt 0.363582 0.584716
vt 0.369699 0.537672
vt 0.386032 0.518844
vt 0.416203 0.518726
vt 0.599523 0.521532
vt 0.615269 0.540516
vt 0.620474 0.587299
vt 0.628676 0.599344
vt 0.747337 0.597572
vt 0.754255 0.594903
vt 0.771596 0.595057
vt 0.777663 0.597709
vt 0.983379 0.631188
vt 0.363214 0.193847
vt 0.195626 0.363187
vt 0.403406 0.172275
vt 0.794077 0.368609
vt 0.631857 0.200303
vt 0.811512 0.598469
vt 0.787877 0.638323
vt 0.622943 0.805710
vt 0.393206 0.822426
vt 0.194102 0.633410
vt 0.354464 0.798650
vt 0.171840 0.592780
vt 0.765578 0.633469
vt 0.618862 0.782653
vt 0.765314 0.594546
vt 0.771387 0.372702
vt 0.626571 0.222447
vt 0.405397 0.218682
vt 0.367368 0.216700
vt 0.217984 0.367743
vt 0.218106 0.589948
vt 0.216759 0.628869
vt 0.359775 0.776598
vt 0.397848 0.776451
vt 0.245345 0.634698
vt 0.355069 0.748351
vt 0.394685 0.737897
vt 0.737234 0.638617
vt 0.624729 0.753821
vt 0.726593 0.598313
vt 0.742695 0.366280
vt 0.631421 0.250854
vt 0.400433 0.257647
vt 0.361227 0.245391
vt 0.246433 0.361910
vt 0.256955 0.594481
vt 0.355230 0.649603
vt 0.344659 0.639195
vt 0.395166 0.660938
vt 0.638476 0.641739
vt 0.628473 0.652900
vt 0.649571 0.599848
vt 0.641926 0.360958
vt 0.631899 0.350326
vt 0.397645 0.335391
vt 0.356960 0.345708
vt 0.346697 0.357682
vt 0.334200 0.597085
vt 0.000076 0.370443
vt 0.172651 0.400270
vt 0.206516 0.400384
vt 0.212636 0.403148
vt 0.218923 0.403523
vt 0.229973 0.402975
vt 0.236857 0.399898
vt 0.257737 0.398889
vt 0.335541 0.396484
vt 0.356557 0.396671
vt 0.364810 0.406639
vt 0.370370 0.438543
vt 0.386960 0.451266
vt 0.417133 0.452143
vt 0.600525 0.454571
vt 0.616793 0.441325
vt 0.623035 0.409461
vt 0.631480 0.399482
vt 0.652545 0.399746
vt 0.730564 0.403087
vt 0.751523 0.404350
vt 0.758388 0.407507
vt 0.769501 0.408403
vt 0.775839 0.408237
vt 0.782077 0.405563
vt 0.815820 0.406274
vt 0.987404 0.381167
vt 0.629260 0.004968
vt 0.595263 0.176637
vt 0.594189 0.210442
vt 0.591304 0.216483
vt 0.590792 0.222740
vt 0.591069 0.233758
vt 0.593798 0.240664
vt 0.594162 0.261437
vt 0.594045 0.338746
vt 0.593172 0.359606
vt 0.587614 0.374069
vt 0.582201 0.417501
vt 0.572406 0.441603
vt 0.571689 0.454524
vt 0.570616 0.520639
vt 0.571079 0.534511
vt 0.573462 0.555154
vt 0.537257 0.569539
vt 0.530497 0.578979
vt 0.531096 0.609538
vt 0.538357 0.618884
vt 0.578269 0.632615
vt 0.589862 0.642359
vt 0.590405 0.663568
vt 0.587913 0.741677
vt 0.586824 0.762682
vt 0.583847 0.769601
vt 0.583129 0.780809
vt 0.583381 0.787210
vt 0.585947 0.793497
vt 0.584998 0.827355
vt 0.608661 0.999609
vt 0.383795 0.435790
vt 0.414946 0.434266
vt 0.574575 0.436891
vt 0.604033 0.439052
vt 0.604884 0.452593
vt 0.603887 0.524197
vt 0.602587 0.538527
vt 0.573109 0.539685
vt 0.413287 0.537867
vt 0.382475 0.535869
vt 0.381383 0.521409
vt 0.382324 0.449429
vt 0.378073 0.430489
vt 0.411571 0.427305
vt 0.578329 0.429976
vt 0.609758 0.433458
vt 0.610938 0.449022
vt 0.609763 0.528957
vt 0.608046 0.545259
vt 0.576610 0.547006
vt 0.410001 0.545346
vt 0.376960 0.542563
vt 0.375407 0.526112
vt 0.376182 0.446105
vt 0.493323 0.531782
vt 0.490567 0.782255
vt 0.498325 0.217106
vt 0.768255 0.628798
vt 0.214206 0.624122
vt 0.491141 0.756134
vt 0.742183 0.633719
vt 0.497766 0.243217
vt 0.240437 0.629758
vt 0.498727 0.203230
vt 0.782046 0.633569
vt 0.490225 0.796135
vt 0.200172 0.628680
vt 0.490955 0.763930
vt 0.490436 0.787591
vt 0.498462 0.211771
vt 0.497907 0.235423
vt 0.749910 0.631196
vt 0.773592 0.631245
vt 0.208779 0.626430
vt 0.232688 0.627132
vt 0.495685 0.362471
vt 0.623835 0.633057
vt 0.493023 0.636842
vt 0.359371 0.630561
vt 0.495474 0.394138
vt 0.617293 0.589353
vt 0.491912 0.593709
vt 0.366675 0.586624
vt 0.494799 0.438173
vt 0.601250 0.534988
vt 0.493292 0.535999
vt 0.383704 0.532336
vt 0.492221 0.624646
vt 0.401047 0.591608
vt 0.493006 0.562040
vt 0.582251 0.593818
vt 0.491518 0.615108
vt 0.436578 0.593002
vt 0.492350 0.572319
vt 0.546209 0.594586
vt 0.358877 0.792918
vt 0.361412 0.784541
vt 0.364003 0.779287
vt 0.361786 0.761112
vt 0.359407 0.753400
vt 0.363838 0.635443
vt 0.402078 0.623511
vt 0.436799 0.614464
vt 0.439136 0.593042
vt 0.439808 0.571532
vt 0.406831 0.560500
vt 0.386463 0.534279
vt 0.388236 0.530597
vt 0.387963 0.437018
vt 0.372782 0.394047
vt 0.365515 0.360802
vt 0.365775 0.240465
vt 0.368544 0.232702
vt 0.371707 0.214187
vt 0.369422 0.208665
vt 0.367346 0.199985
vt 0.201030 0.496377
vt 0.209573 0.496415
vt 0.214909 0.496496
vt 0.233230 0.496544
vt 0.241025 0.496436
vt 0.360328 0.496640
vt 0.367289 0.491799
vt 0.384200 0.485117
vt 0.389125 0.484974
vt 0.494021 0.486432
vt 0.602086 0.488123
vt 0.618719 0.494554
vt 0.625609 0.499246
vt 0.744909 0.500654
vt 0.752702 0.500847
vt 0.771020 0.501358
vt 0.776356 0.501411
vt 0.784901 0.501477
vt 0.371114 0.097185
vt 0.501511 0.100044
vt 0.888088 0.503885
vt 0.885588 0.634753
vt 0.486727 0.899299
vt 0.356288 0.896066
vt 0.097489 0.626908
vt 0.097807 0.495928
vt 0.759078 0.628756
vt 0.761853 0.501117
vt 0.498128 0.226273
vt 0.371408 0.223491
vt 0.224078 0.496567
vt 0.223470 0.624390
vt 0.364143 0.770218
vt 0.490760 0.773085
vt 0.359566 0.698911
vt 0.492232 0.700976
vt 0.687640 0.635333
vt 0.689754 0.500031
vt 0.496734 0.298362
vt 0.363514 0.295775
vt 0.296180 0.496505
vt 0.295245 0.632101
vt 0.359567 0.644560
vt 0.493166 0.646018
vt 0.633189 0.637028
vt 0.634799 0.499267
vt 0.495756 0.353303
vt 0.361285 0.351191
vt 0.351136 0.496556
vt 0.349983 0.634550
vt 0.097878 0.366815
vt 0.201517 0.365948
vt 0.210018 0.368229
vt 0.215386 0.370671
vt 0.224549 0.370540
vt 0.233700 0.367775
vt 0.241434 0.364982
vt 0.296719 0.362775
vt 0.351859 0.360358
vt 0.361139 0.364400
vt 0.367939 0.398262
vt 0.384983 0.438454
vt 0.389547 0.439909
vt 0.494693 0.441689
vt 0.602578 0.441810
vt 0.620068 0.401107
vt 0.627535 0.367382
vt 0.636850 0.363487
vt 0.692196 0.366597
vt 0.747739 0.369433
vt 0.755504 0.372306
vt 0.764697 0.375287
vt 0.773947 0.375721
vt 0.779430 0.373407
vt 0.788068 0.371263
vt 0.890739 0.374889
vt 0.630557 0.102658
vt 0.628759 0.206103
vt 0.626186 0.214517
vt 0.623637 0.219796
vt 0.623530 0.228922
vt 0.625940 0.238076
vt 0.628406 0.245813
vt 0.628597 0.300657
vt 0.628848 0.355315
vt 0.624499 0.364427
vt 0.616710 0.397425
vt 0.600617 0.440416
vt 0.598936 0.443276
vt 0.598055 0.487900
vt 0.597594 0.533099
vt 0.599278 0.536806
vt 0.578218 0.562474
vt 0.544336 0.573090
vt 0.544213 0.594489
vt 0.545711 0.615930
vt 0.581398 0.625626
vt 0.620798 0.638154
vt 0.625368 0.647597
vt 0.623541 0.703234
vt 0.621530 0.758830
vt 0.618817 0.766618
vt 0.616077 0.775926
vt 0.615825 0.785318
vt 0.618131 0.790908
vt 0.620204 0.799628
vt 0.615800 0.902658
vt 0.383832 0.431686
vt 0.495013 0.431808
vt 0.604945 0.435021
vt 0.607622 0.437534
vt 0.607409 0.488589
vt 0.606119 0.540223
vt 0.603360 0.542842
vt 0.493365 0.542634
vt 0.382383 0.540350
vt 0.378718 0.537462
vt 0.378791 0.485653
vt 0.379881 0.434480
vt 0.378422 0.425643
vt 0.495217 0.424775
vt 0.610522 0.428896
vt 0.613877 0.432586
vt 0.613341 0.489283
vt 0.612131 0.546720
vt 0.608651 0.549941
vt 0.493524 0.549986
vt 0.377227 0.547543
vt 0.372640 0.543872
vt 0.372771 0.486427
vt 0.373546 0.429794
vt 0.415810 0.530882
vt 0.493514 0.519652
vt 0.570632 0.532715
vt 0.493299 0.533629
vt 0.397792 0.780045
vt 0.490653 0.778625
vt 0.583016 0.784488
vt 0.490497 0.784926
vt 0.590824 0.219131
vt 0.498259 0.220735
vt 0.405499 0.215023
vt 0.498376 0.214434
vt 0.764620 0.628777
vt 0.768937 0.594586
vt 0.770929 0.629421
vt 0.768273 0.633502
vt 0.618815 0.785446
vt 0.211500 0.624668
vt 0.214459 0.589869
vt 0.217871 0.624220
vt 0.214051 0.628816
vt 0.359707 0.779253
vt 0.394541 0.754114
vt 0.491468 0.739777
vt 0.587404 0.758145
vt 0.491040 0.760651
vt 0.726020 0.634153
vt 0.742839 0.598038
vt 0.746643 0.633058
vt 0.742235 0.638549
vt 0.624587 0.758854
vt 0.594219 0.245151
vt 0.497467 0.259570
vt 0.400975 0.241244
vt 0.497842 0.238702
vt 0.235951 0.629057
vt 0.240650 0.594005
vt 0.256688 0.630389
vt 0.240305 0.634604
vt 0.355006 0.753339
vt 0.402399 0.200958
vt 0.499504 0.174492
vt 0.594717 0.205410
vt 0.498580 0.208306
vt 0.777034 0.633038
vt 0.782709 0.598118
vt 0.810830 0.633815
vt 0.782148 0.638425
vt 0.623260 0.799893
vt 0.586182 0.798622
vt 0.489273 0.824868
vt 0.393926 0.793717
vt 0.490355 0.791058
vt 0.171561 0.628176
vt 0.200500 0.593176
vt 0.205263 0.628178
vt 0.199943 0.633535
vt 0.354454 0.792928
vt 0.396246 0.761863
vt 0.585337 0.765965
vt 0.490868 0.767550
vt 0.584686 0.789953
vt 0.395854 0.785296
vt 0.403857 0.209592
vt 0.592738 0.213860
vt 0.592425 0.237382
vt 0.403057 0.233448
vt 0.497992 0.231806
vt 0.750624 0.596228
vt 0.753538 0.629355
vt 0.749879 0.635959
vt 0.621847 0.766579
vt 0.774232 0.596393
vt 0.773694 0.636030
vt 0.621173 0.791158
vt 0.209086 0.591536
vt 0.208563 0.631211
vt 0.357041 0.784558
vt 0.232856 0.592099
vt 0.232624 0.631905
vt 0.357449 0.761019
vt 0.229058 0.625179
vt 0.400295 0.361032
vt 0.495724 0.358060
vt 0.590736 0.363981
vt 0.495611 0.372507
vt 0.624245 0.597110
vt 0.628368 0.636106
vt 0.623109 0.636825
vt 0.620005 0.620074
vt 0.587303 0.637881
vt 0.493106 0.641257
vt 0.398391 0.635781
vt 0.492776 0.631672
vt 0.354843 0.633651
vt 0.359633 0.594629
vt 0.363377 0.617484
vt 0.360465 0.634233
vt 0.405858 0.393150
vt 0.584725 0.395926
vt 0.495325 0.415512
vt 0.617685 0.563813
vt 0.608497 0.592309
vt 0.614926 0.558900
vt 0.530676 0.594254
vt 0.491619 0.608967
vt 0.453029 0.593193
vt 0.492215 0.578453
vt 0.366829 0.561087
vt 0.369638 0.556060
vt 0.375268 0.589700
vt 0.416084 0.437026
vt 0.494902 0.435312
vt 0.573259 0.439592
vt 0.494723 0.440322
vt 0.601554 0.522562
vt 0.603400 0.537187
vt 0.600662 0.536152
vt 0.599403 0.533625
vt 0.571890 0.536804
vt 0.493311 0.538974
vt 0.414483 0.534967
vt 0.381494 0.534475
vt 0.383762 0.519817
vt 0.385801 0.531043
vt 0.384460 0.533536
vt 0.557945 0.625407
vt 0.426254 0.623846
vt 0.491690 0.618284
vt 0.403618 0.567930
vt 0.427115 0.592618
vt 0.400179 0.615484
vt 0.430142 0.561232
vt 0.493438 0.554674
vt 0.555629 0.562572
vt 0.492539 0.568963
vt 0.582769 0.617648
vt 0.555755 0.594402
vt 0.580512 0.570104
vt 0.531532 0.615671
vt 0.451373 0.614590
vt 0.438169 0.576870
vt 0.437797 0.593048
vt 0.435850 0.609133
vt 0.453776 0.571759
vt 0.530785 0.572875
vt 0.546467 0.610648
vt 0.545174 0.594554
vt 0.545358 0.578486
vt 0.359506 0.787940
vt 0.358235 0.821590
vt 0.363333 0.781924
vt 0.364060 0.775696
vt 0.359964 0.757842
vt 0.363602 0.764730
vt 0.359484 0.737264
vt 0.360593 0.639836
vt 0.375576 0.630346
vt 0.427700 0.617397
vt 0.437801 0.608436
vt 0.440055 0.577626
vt 0.431150 0.568058
vt 0.383356 0.552461
vt 0.384708 0.536915
vt 0.387641 0.532240
vt 0.388610 0.518468
vt 0.386219 0.434684
vt 0.389070 0.438742
vt 0.385806 0.437658
vt 0.369495 0.371295
vt 0.375662 0.416388
vt 0.369167 0.396021
vt 0.362293 0.356218
vt 0.362182 0.361889
vt 0.366532 0.235952
vt 0.365144 0.256865
vt 0.361370 0.240284
vt 0.241389 0.362005
vt 0.364200 0.232570
vt 0.233692 0.364821
vt 0.370579 0.229089
vt 0.371173 0.211450
vt 0.371595 0.217869
vt 0.367433 0.213974
vt 0.215314 0.367779
vt 0.367723 0.205091
vt 0.365072 0.208364
vt 0.209884 0.365279
vt 0.368430 0.171350
vt 0.362930 0.199663
vt 0.201374 0.362965
vt 0.172283 0.496291
vt 0.201467 0.400047
vt 0.206108 0.496361
vt 0.209973 0.401751
vt 0.212237 0.496480
vt 0.215302 0.403573
vt 0.218539 0.496509
vt 0.233586 0.401443
vt 0.236508 0.496465
vt 0.229612 0.496601
vt 0.241355 0.399334
vt 0.257381 0.496451
vt 0.355902 0.496566
vt 0.360986 0.399071
vt 0.364197 0.495483
vt 0.367759 0.422833
vt 0.370012 0.487983
vt 0.381765 0.485345
vt 0.384710 0.450557
vt 0.386514 0.484987
vt 0.389523 0.451619
vt 0.416729 0.485360
vt 0.571097 0.487506
vt 0.494521 0.453364
vt 0.602532 0.453822
vt 0.604483 0.488324
vt 0.600012 0.487983
vt 0.619734 0.425632
vt 0.621759 0.498163
vt 0.616057 0.490799
vt 0.627011 0.401868
vt 0.630034 0.499160
vt 0.728553 0.500468
vt 0.747005 0.403731
vt 0.749425 0.500733
vt 0.754783 0.405918
vt 0.756319 0.500980
vt 0.767392 0.501247
vt 0.773144 0.408581
vt 0.773691 0.501422
vt 0.778558 0.406886
vt 0.779824 0.501402
vt 0.787172 0.405305
vt 0.813640 0.502137
vt 0.374598 0.000256
vt 0.405920 0.098030
vt 0.366700 0.096923
vt 0.097813 0.363832
vt 0.596765 0.101996
vt 0.504135 0.002739
vt 0.886216 0.599610
vt 0.889998 0.408628
vt 0.985391 0.506177
vt 0.983334 0.636036
vt 0.885583 0.639604
vt 0.618856 0.902855
vt 0.391108 0.896910
vt 0.582004 0.901719
vt 0.483384 0.996580
vt 0.353688 0.993446
vt 0.351866 0.895995
vt 0.097307 0.631755
vt 0.097659 0.591739
vt 0.000686 0.625256
vt 0.097893 0.400584
vt 0.000467 0.495428
vt 0.759786 0.594497
vt 0.759050 0.633454
vt 0.619055 0.775962
vt 0.763938 0.408190
vt 0.405228 0.224266
vt 0.590699 0.228246
vt 0.367127 0.223332
vt 0.224512 0.367643
vt 0.223672 0.590087
vt 0.224450 0.403496
vt 0.223371 0.629084
vt 0.359866 0.770154
vt 0.397936 0.770966
vt 0.583259 0.775198
vt 0.359608 0.660592
vt 0.394941 0.699394
vt 0.355150 0.698977
vt 0.295002 0.636947
vt 0.589184 0.702606
vt 0.492957 0.662225
vt 0.649284 0.636533
vt 0.688061 0.599085
vt 0.687855 0.640178
vt 0.626601 0.703360
vt 0.651005 0.499559
vt 0.691528 0.401444
vt 0.594100 0.300116
vt 0.496015 0.337103
vt 0.399029 0.296535
vt 0.361891 0.334712
vt 0.359093 0.295550
vt 0.296565 0.359796
vt 0.296661 0.397697
vt 0.334929 0.496554
vt 0.295600 0.595779
vt 0.333784 0.633839
vt 0.395219 0.644862
vt 0.355063 0.644684
vt 0.349778 0.639480
vt 0.590764 0.647204
vt 0.633447 0.600095
vt 0.633477 0.642012
vt 0.628476 0.647593
vt 0.636261 0.398934
vt 0.397163 0.351696
vt 0.594005 0.354885
vt 0.356765 0.351237
vt 0.351634 0.357224
vt 0.350373 0.597586
vt 0.351791 0.395975
vt 0.172708 0.366275
vt 0.000038 0.367460
vt 0.206542 0.366407
vt 0.212710 0.370091
vt 0.219010 0.370607
vt 0.230085 0.369815
vt 0.236961 0.365728
vt 0.257796 0.364383
vt 0.335606 0.361115
vt 0.356646 0.361216
vt 0.365011 0.375038
vt 0.370568 0.420903
vt 0.382749 0.436808
vt 0.387083 0.439471
vt 0.417157 0.440429
vt 0.572003 0.442902
vt 0.604788 0.440031
vt 0.600719 0.442888
vt 0.602011 0.441028
vt 0.623476 0.377983
vt 0.616979 0.423670
vt 0.619226 0.399023
vt 0.632055 0.364238
vt 0.626818 0.365123
vt 0.637002 0.360483
vt 0.631989 0.355168
vt 0.653152 0.364487
vt 0.692311 0.363619
vt 0.631660 0.300590
vt 0.731290 0.368639
vt 0.747792 0.366447
vt 0.631460 0.245840
vt 0.752245 0.370237
vt 0.755545 0.369353
vt 0.628954 0.238138
vt 0.759121 0.374403
vt 0.770288 0.375535
vt 0.764793 0.372398
vt 0.626491 0.228949
vt 0.774091 0.372820
vt 0.626606 0.219781
vt 0.776664 0.375220
vt 0.782984 0.371636
vt 0.779637 0.370451
vt 0.629219 0.214459
vt 0.816661 0.372333
vt 0.788278 0.368286
vt 0.631827 0.206053
vt 0.890896 0.371910
vt 0.633620 0.102674
vt 0.987560 0.378189
vt 0.629226 0.177345
vt 0.632321 0.005007
vt 0.628099 0.211104
vt 0.624279 0.217147
vt 0.623606 0.223407
vt 0.624083 0.234444
vt 0.627811 0.241354
vt 0.628432 0.262049
vt 0.628777 0.339218
vt 0.627769 0.360025
vt 0.620369 0.374800
vt 0.613452 0.419668
vt 0.602457 0.438071
vt 0.599439 0.442127
vt 0.598633 0.454866
vt 0.597582 0.521078
vt 0.598143 0.534747
vt 0.601013 0.539448
vt 0.602361 0.554738
vt 0.553212 0.569731
vt 0.543899 0.579145
vt 0.544933 0.609843
vt 0.555037 0.619081
vt 0.608687 0.632880
vt 0.624202 0.642657
vt 0.624935 0.664085
vt 0.622102 0.742372
vt 0.620783 0.763336
vt 0.616844 0.770280
vt 0.615932 0.781594
vt 0.616358 0.788091
vt 0.619846 0.794507
vt 0.618944 0.828327
vt 0.611715 0.999804
vt 0.381125 0.428511
vt 0.413349 0.430867
vt 0.381122 0.433234
vt 0.495122 0.428137
vt 0.576365 0.433522
vt 0.607745 0.431788
vt 0.606711 0.436345
vt 0.610758 0.434870
vt 0.607810 0.450859
vt 0.610487 0.488911
vt 0.606739 0.526464
vt 0.609123 0.543575
vt 0.605132 0.541729
vt 0.606010 0.546502
vt 0.574779 0.543249
vt 0.493441 0.546474
vt 0.411704 0.541501
vt 0.379789 0.544066
vt 0.379890 0.539049
vt 0.375669 0.540769
vt 0.378480 0.523645
vt 0.375664 0.486020
vt 0.379356 0.447820
vt 0.376705 0.431974
vt 0.409890 0.424055
vt 0.374934 0.428053
vt 0.580172 0.426743
vt 0.612884 0.430942
vt 0.613896 0.447482
vt 0.612618 0.531269
vt 0.611077 0.548617
vt 0.578313 0.550470
vt 0.408443 0.548880
vt 0.373939 0.545899
vt 0.372520 0.528401
vt 0.373183 0.444656
vn 0.000000 -0.389684 0.920949
vn 0.000000 -0.020224 0.999795
vn 0.000000 -0.020011 0.999800
vn 0.000000 -0.385757 0.922601
vn 0.000000 0.000000 1.000000
vn 0.000000 0.000000 1.000000
vn 0.000000 0.000000 1.000000
vn 0.000000 -0.020234 0.999795
vn 0.000000 -0.389869 0.920870
vn 0.000000 0.340999 0.940064
vn 0.000000 0.957077 0.289835
vn -0.000000 0.960180 0.279383
vn -0.000000 0.376525 0.926406
vn 0.000000 1.000000 0.000000
vn 0.000000 1.000000 0.000000
vn 0.000000 1.000000 -0.000000
vn -0.000000 0.956933 0.290307
vn 0.000000 0.339592 0.940573
vn 0.000000 -0.339588 0.940574
vn 0.000000 -0.956932 0.290312
vn 0.000000 -0.960180 0.279381
vn 0.000000 -0.376526 0.926406
vn 0.000000 -1.000000 -0.000001
vn 0.000000 -1.000000 -0.000002
vn 0.000000 -1.000000 -0.000003
vn 0.000000 -0.957078 0.289831
vn 0.000000 -0.341000 0.940063
vn 0.845626 0.533777 0.000000
vn 0.999804 0.019780 0.000000
vn 0.951401 0.016923 0.307491
vn 0.780254 0.486838 0.392674
vn 1.000000 0.000000 0.000000
vn 0.957119 0.000000 0.289695
vn 0.341419 0.000000 0.939911
vn 0.299360 0.006147 0.954121
vn 0.202259 0.128197 0.970905
vn -0.172702 0.157536 0.972294
vn -0.296997 0.008790 0.954838
vn -0.950558 0.024589 0.309573
vn -0.677735 0.616327 0.401019
vn -0.341419 0.000000 0.939911
vn -0.957120 0.000000 0.289693
vn -1.000000 0.000000 0.000000
vn -0.999592 0.028556 -0.000000
vn -0.739059 0.673641 -0.000004
vn 0.000000 0.657748 -0.753238
vn 0.000000 0.996927 -0.078332
vn 0.000000 0.996742 -0.080652
vn 0.000000 0.618544 -0.785750
vn 0.000000 1.000000 0.000000
vn 0.000000 1.000000 0.000000
vn 0.000000 1.000000 0.000000
vn 0.000000 0.996936 -0.078222
vn 0.000000 0.659550 -0.751661
vn 0.845627 0.533774 0.000000
vn 0.999804 0.019780 0.000000
vn 0.996853 0.020352 -0.076611
vn 0.840145 0.532228 -0.104352
vn 1.000000 0.000000 0.000000
vn 0.996925 0.000000 -0.078364
vn 0.657217 0.000000 -0.753702
vn 0.704212 0.014575 -0.709841
vn 0.478800 0.303853 -0.823665
vn 0.000000 -0.659550 -0.751661
vn 0.000000 -0.996936 -0.078222
vn 0.000000 -0.996742 -0.080652
vn 0.000000 -0.618544 -0.785750
vn 0.000000 -1.000000 0.000000
vn 0.000000 -1.000000 0.000000
vn 0.000000 -1.000000 0.000000
vn 0.000000 -0.996927 -0.078332
vn 0.000000 -0.657747 -0.753239
vn -0.413970 0.377744 -0.828214
vn -0.701169 0.020888 -0.712689
vn -0.996581 0.029324 -0.077243
vn -0.734615 0.670077 -0.106476
vn -0.657215 0.000000 -0.753703
vn -0.996925 0.000000 -0.078366
vn -1.000000 0.000000 0.000000
vn -0.999592 0.028556 -0.000000
vn -0.739054 0.673647 0.000000
vn 0.000000 -0.705502 0.708708
vn 0.000000 -0.998852 0.047906
vn 0.000000 -0.998787 0.049238
vn 0.000000 -0.669905 0.742447
vn 0.000000 -1.000000 0.000000
vn 0.000000 -1.000000 0.000000
vn 0.000000 -1.000000 0.000000
vn 0.000000 -0.998855 0.047843
vn 0.000000 -0.707130 0.707083
vn 0.520092 0.330461 0.787591
vn 0.746639 0.015611 0.665047
vn 0.998693 0.020143 0.046979
vn 0.843354 0.533531 0.064017
vn 0.705020 0.000000 0.709187
vn 0.998851 0.000000 0.047925
vn 1.000000 0.000000 0.000000
vn 0.999804 0.019780 0.000000
vn 0.845620 0.533786 0.000000
vn 0.000000 0.707130 0.707083
vn 0.000000 0.998855 0.047843
vn 0.000000 0.998787 0.049238
vn 0.000000 0.669905 0.742447
vn 0.000000 1.000000 0.000000
vn 0.000000 1.000000 0.000000
vn 0.000000 1.000000 0.000000
vn 0.000000 0.998852 0.047906
vn 0.000000 0.705501 0.708709
vn -0.739047 0.673654 0.000000
vn -0.999592 0.028557 0.000000
vn -0.998455 0.029046 0.047363
vn -0.737320 0.672376 0.065346
vn -1.000000 0.000000 0.000000
vn -0.998851 0.000000 0.047925
vn -0.705022 0.000000 0.709185
vn -0.743756 0.022371 0.668077
vn -0.450214 0.410922 0.792749
vn 0.000000 0.671921 -0.740623
vn 0.000000 0.278696 -0.960379
vn 0.000000 0.283381 -0.959007
vn 0.000000 0.702178 -0.712002
vn 0.000000 0.278495 -0.960438
vn 0.000000 0.670641 -0.741782
vn 0.000000 0.226401 0.974034
vn -0.000000 0.213315 0.976983
vn 0.000000 0.225865 0.974159
vn 0.000000 -0.225866 0.974158
vn 0.000000 -0.213315 0.976983
vn 0.000000 -0.226401 0.974034
vn -0.000000 -0.670641 -0.741782
vn -0.000000 -0.278495 -0.960438
vn 0.000000 -0.283381 -0.959007
vn 0.000000 -0.702178 -0.712002
vn 0.000000 -0.278696 -0.960379
vn 0.000000 -0.671922 -0.740622
vn 0.268072 0.005597 -0.963383
vn 0.172871 0.109801 -0.978805
vn 0.278755 0.000000 -0.960362
vn 0.672301 0.000000 -0.740278
vn 0.630815 0.011711 -0.775844
vn 0.450939 0.282586 -0.846640
vn 0.225707 0.000000 0.974195
vn 0.237508 0.003742 0.971378
vn 0.147503 0.090902 0.984876
vn -0.235973 0.005459 0.971744
vn -0.125531 0.113880 0.985532
vn -0.225707 0.000000 0.974195
vn -0.672300 0.000000 -0.740279
vn -0.278755 0.000000 -0.960362
vn -0.265921 0.007990 -0.963962
vn -0.627733 0.016905 -0.778245
vn -0.148077 0.135138 -0.979699
vn -0.386328 0.351624 -0.852708
vn 0.000000 0.000000 1.000000
vn 0.000000 -0.045461 0.998966
vn 0.000000 -0.038095 0.999274
vn 0.000000 0.000000 1.000000
vn 0.000000 -0.471757 0.881728
vn 0.000000 -0.427953 0.903801
vn 0.000000 -0.473814 0.880625
vn 0.000000 -0.045789 0.998951
vn 0.000000 0.000000 1.000000
vn 0.000000 0.000000 1.000000
vn 0.094511 0.000000 0.995524
vn 0.085499 0.000801 0.996338
vn 0.000001 -0.000000 1.000000
vn 0.471158 0.000000 0.882049
vn 0.528357 0.010259 0.848960
vn 0.331934 0.209125 0.919830
vn 0.024968 0.014753 0.999579
vn 0.000000 0.000000 1.000000
vn 0.000000 0.000000 1.000000
vn 0.000000 0.081385 0.996683
vn 0.000000 0.061060 0.998134
vn 0.000000 0.000000 1.000000
vn 0.000000 0.473815 0.880624
vn 0.000000 0.427953 0.903801
vn 0.000000 0.471757 0.881729
vn 0.000000 0.080598 0.996747
vn 0.000000 0.000000 1.000000
vn -0.285710 0.260335 0.922278
vn -0.525338 0.014739 0.850766
vn -0.085268 0.001242 0.996357
vn -0.022606 0.020339 0.999537
vn -0.471159 0.000000 0.882048
vn -0.094511 0.000000 0.995524
vn 0.000000 0.000000 1.000000
vn -0.000001 -0.000000 1.000000
vn -0.000000 0.000000 1.000000
vn -0.000000 0.054097 0.998536
vn -0.000000 0.008949 0.999960
vn -0.000000 0.009204 0.999958
vn -0.000000 0.055495 0.998459
vn 0.000000 0.008937 0.999960
vn 0.000000 0.054032 0.998539
vn -0.290500 0.000000 0.956875
vn -0.030845 0.000000 0.999524
vn 0.002499 -0.004410 0.999987
vn -0.052243 -0.017945 0.998473
vn 0.002259 -0.002873 0.999993
vn 0.007307 -0.015793 0.999849
vn 0.000000 0.035098 0.999384
vn 0.000000 -0.000273 1.000000
vn 0.000000 -0.000108 1.000000
vn 0.000000 0.035577 0.999367
vn 0.000000 -0.036501 0.999334
vn 0.000000 -0.036009 0.999351
vn 0.000000 -0.036479 0.999334
vn 0.000000 -0.000266 1.000000
vn 0.000000 0.035119 0.999383
vn -0.002478 -0.004438 0.999987
vn -0.002251 -0.002895 0.999993
vn 0.030845 0.000000 0.999524
vn 0.290500 0.000000 0.956875
vn 0.051525 -0.018616 0.998498
vn -0.007270 -0.017352 0.999823
vn 0.000000 0.577077 0.816690
vn 0.000000 0.853409 0.521242
vn 0.000000 0.851809 0.523853
vn 0.000000 0.571424 0.820655
vn 0.000000 0.897898 0.440203
vn 0.000000 0.897898 0.440204
vn 0.000000 0.897898 0.440204
vn 0.000000 0.853485 0.521118
vn 0.000000 0.577344 0.816501
vn -0.385333 0.000000 0.922778
vn -0.857079 0.000000 0.515186
vn -0.856898 -0.032131 0.514484
vn -0.396944 -0.017645 0.917673
vn -0.945859 0.000000 0.324578
vn -0.934839 -0.038498 0.352978
vn -0.445033 -0.602616 0.662419
vn -0.407899 -0.541842 0.734865
vn -0.256264 -0.353753 0.899548
vn 0.000000 -0.689871 0.723932
vn 0.000000 -0.687547 0.726140
vn 0.000000 -0.760663 0.649147
vn 0.000000 -0.760664 0.649146
vn 0.000000 -0.760663 0.649147
vn 0.000000 -0.689767 0.724032
vn 0.336200 -0.659028 0.672794
vn 0.929274 -0.055415 0.365211
vn 0.813301 -0.043246 0.580234
vn 0.308657 -0.584774 0.750180
vn 0.945859 0.000000 0.324578
vn 0.812885 0.000000 0.582424
vn 0.288295 0.000000 0.957542
vn 0.298133 -0.018761 0.954340
vn 0.177539 -0.366416 0.913356
vn -0.000000 -0.057667 0.998336
vn 0.000000 -0.007017 0.999975
vn -0.000000 -0.012074 0.999927
vn -0.000000 -0.081775 0.996651
vn 0.000000 -0.007148 0.999974
vn 0.000000 -0.058230 0.998303
vn 0.001947 -0.001299 0.999997
vn 0.002753 -0.000095 0.999996
vn 0.000100 -0.004103 0.999992
vn 0.020151 0.003105 0.999792
vn 0.021279 0.001376 0.999773
vn 0.019210 -0.000562 0.999815
vn 0.000000 0.058508 0.998287
vn 0.000000 -0.037794 0.999286
vn 0.000000 -0.022667 0.999743
vn 0.000000 0.081775 0.996651
vn 0.000000 -0.224380 0.974502
vn 0.000000 -0.174099 0.984728
vn 0.000000 -0.226155 0.974091
vn 0.000000 -0.038205 0.999270
vn 0.000000 0.057944 0.998320
vn -0.001979 -0.001277 0.999997
vn -0.000163 -0.003930 0.999992
vn -0.002799 -0.000014 0.999996
vn -0.019435 -0.000014 0.999811
vn -0.021395 0.001392 0.999770
vn -0.020368 0.002599 0.999789
vn 0.000000 -0.166984 0.985960
vn 0.000000 -0.155530 0.987831
vn -0.000000 -0.166675 0.986012
vn 0.113559 0.007223 0.993505
vn 0.092625 -0.004654 0.995690
vn 0.094320 0.016766 0.995401
vn 0.383559 0.045386 0.922401
vn 0.382088 0.023365 0.923831
vn 0.380518 0.001818 0.924772
vn 0.000000 0.165345 0.986236
vn 0.000000 0.155325 0.987863
vn 0.000000 0.165607 0.986192
vn -0.115450 0.007360 0.993286
vn -0.096780 0.013791 0.995210
vn -0.095055 -0.001400 0.995471
vn -0.508610 0.011865 0.860915
vn -0.510494 0.031504 0.859304
vn -0.512170 0.051624 0.857331
vn -0.024882 0.744582 0.667067
vn -0.032308 0.998352 0.047436
vn -0.031783 0.999495 0.000000
vn -0.006127 0.235924 0.971752
vn -0.009708 0.294898 0.955479
vn -0.031784 0.999495 -0.000000
vn -0.027454 0.950058 0.310862
vn -0.023247 0.702184 -0.711616
vn -0.008846 0.264913 -0.964232
vn -0.018788 0.625314 -0.780147
vn -0.031783 0.999495 0.000000
vn -0.032607 0.996470 -0.077353
vn -0.001364 0.080949 0.996717
vn 0.000000 0.000001 1.000000
vn -0.016457 0.526814 0.849821
vn 0.001642 -0.001188 0.999998
vn 0.009652 -0.021481 0.999723
vn 0.020939 -0.135665 0.990533
vn 0.016042 -0.038072 0.999146
vn 0.010841 0.000163 0.999941
vn 0.015817 0.036948 0.999192
vn 0.010418 0.023021 0.999681
vn 0.020277 0.137651 0.990273
vn -0.007545 -0.146698 0.989153
vn -0.000040 -0.030419 0.999537
vn 0.009349 -0.691773 0.722055
vn 0.006941 -0.393992 0.919087
vn 0.011014 -0.758884 0.651133
vn 0.009444 0.000000 0.999955
vn 0.009311 -0.020079 0.999755
vn 0.258614 0.831089 0.492352
vn 0.007978 0.896865 0.442232
vn 0.007093 0.854769 0.518960
vn 0.247342 0.769477 0.588835
vn 0.006414 0.583095 0.812378
vn 0.157636 0.549085 0.820766
vn 0.000000 0.000000 1.000000
vn 0.000000 0.000000 1.000000
vn 0.000112 0.008491 0.999964
vn 0.002227 0.007584 0.999969
vn 0.000593 0.051758 0.998659
vn 0.016726 0.047527 0.998730
vn -0.218140 -0.323910 0.920596
vn -0.010185 -0.530961 0.847335
vn -0.000519 -0.055734 0.998445
vn -0.025486 -0.039970 0.998876
vn -0.316954 -0.467740 -0.825082
vn -0.014445 -0.706351 -0.707714
vn -0.020115 -0.996868 -0.076480
vn -0.557283 -0.823657 -0.104994
vn -0.019548 -0.999809 -0.000000
vn -0.559201 -0.829032 -0.000001
vn -0.005528 -0.267913 -0.963427
vn -0.011554 -0.629681 -0.776768
vn -0.114197 -0.168404 -0.979081
vn -0.294678 -0.439595 -0.848482
vn -0.133254 -0.196876 0.971330
vn -0.006053 -0.298220 0.954478
vn -0.016720 -0.951267 0.307913
vn -0.510175 -0.763909 0.395176
vn -0.019546 -0.999809 -0.000002
vn -0.559184 -0.829043 0.000000
vn -0.344755 -0.508245 0.789196
vn -0.015465 -0.748538 0.662911
vn -0.003708 -0.238079 0.971239
vn -0.094896 -0.143597 0.985076
vn -0.559209 -0.829027 0.000000
vn -0.019548 -0.999809 0.000000
vn -0.019907 -0.998701 0.046903
vn -0.558766 -0.826820 0.064418
vn -1.000000 0.000000 0.000000
vn -0.998787 0.000000 0.049237
vn -1.000000 0.000000 0.000000
vn -0.998855 0.000000 0.047838
vn -0.707248 0.000000 0.706965
vn -0.669907 0.000000 0.742445
vn -0.213316 0.000000 0.976983
vn -0.376523 0.000000 0.926407
vn -0.226438 0.000000 0.974026
vn -0.339488 0.000000 0.940610
vn -0.956922 0.000000 0.290345
vn -0.960179 0.000000 0.279384
vn -1.000000 0.000000 0.000000
vn -1.000000 0.000000 0.000000
vn -0.670548 0.000000 -0.741867
vn -0.278481 0.000000 -0.960442
vn -0.283381 0.000000 -0.959007
vn -0.702175 0.000000 -0.712004
vn -0.659681 0.000000 -0.751546
vn -0.618546 0.000000 -0.785749
vn -0.996937 0.000000 -0.078213
vn -0.996742 0.000000 -0.080653
vn -1.000000 0.000000 0.000000
vn -1.000000 0.000000 0.000000
vn -0.072254 0.000000 0.997386
vn 0.000000 0.000000 1.000000
vn -0.427965 0.000000 0.903795
vn -0.473982 0.000000 0.880535
vn -0.093564 0.000000 0.995613
vn 0.000000 0.000000 1.000000
vn 0.060524 0.000000 0.998167
vn 0.385056 0.000000 0.922893
vn 0.031189 0.000000 0.999514
vn 0.297079 0.000000 0.954853
vn 0.799545 0.000000 0.600606
vn 0.278436 0.000000 0.960455
vn 0.945859 0.000000 0.324579
vn 0.945859 0.000000 0.324579
vn 0.806160 0.000000 0.591698
vn 0.283285 0.000000 0.959036
vn 0.009360 0.000000 0.999956
vn 0.009282 0.000000 0.999957
vn 0.000000 0.000000 1.000000
vn 0.000000 0.000000 1.000000
vn 0.000000 0.000000 1.000000
vn 0.000000 0.000000 1.000000
vn 0.000000 0.000000 1.000000
vn 0.000000 0.000000 1.000000
vn -0.378627 0.000000 0.925549
vn -0.852371 0.000000 0.522937
vn -0.847720 0.000000 0.530444
vn -0.372115 0.000000 0.928187
vn -0.945859 0.000000 0.324579
vn -0.945858 0.000000 0.324579
vn -0.297079 0.000000 0.954853
vn -0.031189 0.000000 0.999514
vn -0.060524 0.000000 0.998167
vn -0.385056 0.000000 0.922893
vn -0.000000 0.000000 1.000000
vn 0.000000 0.000000 1.000000
vn 0.093564 0.000000 0.995613
vn 0.072254 0.000000 0.997386
vn 0.473981 0.000000 0.880535
vn 0.427964 0.000000 0.903796
vn 1.000000 0.000000 0.000000
vn 0.996742 0.000000 -0.080652
vn 1.000000 0.000000 0.000000
vn 0.996937 0.000000 -0.078213
vn 0.659681 0.000000 -0.751546
vn 0.618546 0.000000 -0.785748
vn 0.283380 0.000000 -0.959008
vn 0.702175 0.000000 -0.712004
vn 0.278480 0.000000 -0.960442
vn 0.670547 0.000000 -0.741867
vn 0.960179 0.000000 0.279384
vn 0.376524 0.000000 0.926407
vn 1.000000 0.000000 0.000000
vn 1.000000 0.000000 0.000000
vn 0.956922 0.000000 0.290345
vn 0.339488 0.000000 0.940610
vn 0.226439 0.000000 0.974025
vn 0.213316 0.000000 0.976983
vn 0.707249 0.000000 0.706965
vn 0.669906 0.000000 0.742446
vn 0.998855 0.000000 0.047838
vn 0.998787 0.000000 0.049238
vn 1.000000 0.000000 0.000000
vn 1.000000 0.000000 0.000000
vn -0.559210 -0.829026 0.000000
vn -0.019548 -0.999809 0.000000
vn -0.019548 -0.999809 0.000000
vn -0.559210 -0.829026 0.000000
vn 0.000000 -1.000000 0.000000
vn 0.000000 -1.000000 0.000000
vn 0.000000 -1.000000 0.000000
vn 0.000000 -1.000000 0.000000
vn 0.000000 -1.000000 0.000000
vn 0.000000 -1.000000 0.000000
vn 1.000000 0.000000 0.000000
vn 1.000000 0.000000 0.000000
vn 1.000000 0.000000 0.000000
vn 1.000000 0.000000 0.000000
vn 1.000000 0.000000 0.000000
vn 1.000000 0.000000 0.000000
vn 0.999804 0.019780 0.000000
vn 0.845623 0.533781 0.000001
vn 0.999804 0.019780 0.000000
vn 0.845625 0.533778 0.000000
vn 0.000000 1.000000 0.000000
vn 0.000000 1.000000 0.000000
vn 0.000000 1.000000 0.000000
vn 0.000000 1.000000 0.000000
vn 0.000000 1.000000 0.000000
vn 0.000000 1.000000 0.000000
vn -0.031783 0.999495 0.000000
vn -0.739050 0.673651 0.000000
vn -0.031783 0.999495 0.000000
vn -0.739052 0.673649 0.000000
vn -1.000000 0.000000 0.000000
vn -1.000000 0.000000 0.000000
vn -0.999592 0.028557 0.000000
vn -0.999592 0.028557 0.000000
vn -1.000000 0.000000 0.000000
vn -1.000000 0.000000 0.000000
vn -1.000000 0.000000 0.000000
vn -1.000000 0.000000 0.000000
vn 0.986358 0.018346 -0.163588
vn 0.827222 0.518600 -0.216233
vn 0.987465 0.000000 -0.157840
vn 0.987442 0.000000 -0.157984
vn 0.987817 0.000000 -0.155622
vn 0.000000 -0.987460 -0.157869
vn 0.000000 -0.987817 -0.155620
vn 0.000000 -0.987443 -0.157976
vn -0.018128 -0.986348 -0.163671
vn -0.543588 -0.810628 -0.217703
vn -0.987465 0.000000 -0.157840
vn -0.987817 0.000000 -0.155622
vn -0.987442 0.000000 -0.157984
vn -0.985965 0.026587 -0.164820
vn -0.721201 0.656483 -0.221134
vn -0.029647 0.985781 -0.165401
vn 0.000000 0.987460 -0.157871
vn 0.000000 0.987443 -0.157976
vn 0.000000 0.987817 -0.155621
vn -0.739054 0.673647 0.000000
vn -0.031783 0.999495 -0.000000
vn -0.031783 0.999495 -0.000000
vn -0.739054 0.673647 -0.000000
vn 0.000000 1.000000 0.000000
vn 0.000000 1.000000 0.000000
vn 0.000000 1.000000 0.000000
vn 0.000000 1.000000 0.000000
vn 0.000000 1.000000 0.000000
vn 0.000000 1.000000 0.000000
vn 0.845627 0.533774 0.000000
vn 0.999804 0.019780 0.000000
vn 0.999804 0.019779 0.000000
vn 0.845627 0.533774 0.000000
vn 1.000000 0.000000 0.000000
vn 1.000000 0.000000 0.000000
vn 1.000000 0.000000 0.000000
vn 1.000000 0.000000 0.000000
vn 1.000000 0.000000 0.000000
vn 1.000000 0.000000 0.000000
vn 0.000000 -1.000000 0.000000
vn 0.000000 -1.000000 0.000000
vn 0.000000 -1.000000 0.000000
vn 0.000000 -1.000000 0.000000
vn 0.000000 -1.000000 0.000000
vn 0.000000 -1.000000 0.000000
vn -0.019548 -0.999809 -0.000000
vn -0.559204 -0.829030 -0.000000
vn -0.019548 -0.999809 -0.000000
vn -0.559206 -0.829028 -0.000000
vn -1.000000 0.000000 0.000000
vn -1.000000 0.000000 0.000000
vn -1.000000 0.000000 0.000000
vn -1.000000 0.000000 0.000000
vn -1.000000 0.000000 0.000000
vn -1.000000 0.000000 0.000000
vn -0.999592 0.028557 0.000000
vn -0.999592 0.028557 0.000000
vn -0.032998 0.992296 0.119413
vn -0.728478 0.664754 0.165596
vn 0.000000 0.992229 0.124422
vn 0.000000 0.992266 0.124134
vn 0.000000 0.991451 0.130478
vn 0.992219 0.000000 0.124503
vn 0.992752 0.020630 0.118395
vn 0.833030 0.528816 0.162526
vn 0.992269 0.000000 0.124108
vn 0.991452 0.000000 0.130474
vn 0.000000 -0.992229 0.124422
vn 0.000000 -0.991451 0.130478
vn 0.000000 -0.992265 0.124134
vn -0.020391 -0.992796 0.118068
vn -0.553523 -0.816635 0.163458
vn -0.992219 0.000000 0.124502
vn -0.991452 0.000000 0.130474
vn -0.992269 0.000000 0.124107
vn -0.992405 0.029692 0.119372
vn -0.999526 -0.030784 0.000000
vn -0.999526 -0.030784 0.000000
vn -0.999526 -0.030784 0.000000
vn -0.998398 -0.031264 0.047158
vn -0.751537 -0.024253 0.659245
vn -0.237887 -0.006068 0.971274
vn -0.290937 -0.009263 0.956697
vn -0.999526 -0.030784 0.000000
vn -0.949566 -0.026730 0.312427
vn -0.985753 -0.028805 -0.165716
vn -0.621251 -0.018145 -0.783401
vn -0.710014 -0.022710 -0.703821
vn -0.264379 -0.008529 -0.964381
vn -0.999526 -0.030785 -0.000000
vn -0.996543 -0.031537 -0.076867
vn -0.999526 -0.030785 -0.000000
vn -0.999526 -0.030785 -0.000000
vn -0.992480 -0.031893 0.118179
vn -0.536358 -0.016236 0.843834
vn -0.113535 -0.001974 0.993532
vn 0.000002 0.000000 1.000000
vn 0.006693 0.002879 0.999973
vn 0.184763 0.015569 0.982660
vn 0.808500 0.047637 0.586565
vn 0.291036 0.019840 0.956506
vn 0.934694 0.061273 0.350132
vn 0.009261 0.022080 0.999713
vn 0.000000 0.022063 0.999757
vn 0.000000 0.022080 0.999756
vn 0.000000 0.021715 0.999764
vn -0.354548 0.787511 0.504104
vn -0.938573 0.042490 0.342455
vn -0.853656 0.035569 0.519621
vn -0.334987 0.733137 0.591856
vn -0.387538 0.018595 0.921666
vn -0.231686 0.536299 0.811607
vn 0.000000 0.000000 1.000000
vn -0.000001 0.000000 1.000000
vn -0.007391 0.002259 0.999970
vn -0.002788 0.007427 0.999969
vn -0.197994 0.011955 0.980131
vn -0.022902 0.046294 0.998665
vn 0.268848 -0.276042 0.922779
vn 0.539470 -0.011285 0.841929
vn 0.115782 -0.001262 0.993274
vn 0.033962 -0.034996 0.998810
vn 0.688155 -0.706278 0.166178
vn 0.992864 -0.022204 0.117170
vn 0.697740 -0.716351 -0.000000
vn 0.999773 -0.021324 -0.000000
vn 0.999773 -0.021324 0.000000
vn 0.999773 -0.021324 0.000000
vn 0.697739 -0.716352 0.000000
vn 0.697738 -0.716353 0.000000
vn 0.996852 -0.021916 -0.076201
vn 0.713094 -0.015865 -0.700889
vn 0.693814 -0.712180 -0.106873
vn 0.390112 -0.400399 -0.829152
vn 0.266712 -0.005991 -0.963758
vn 0.624770 -0.012555 -0.780708
vn 0.139359 -0.143032 -0.979858
vn 0.363253 -0.373126 -0.853712
vn 0.697711 -0.716379 -0.000001
vn 0.999773 -0.021325 0.000000
vn 0.986204 -0.019829 -0.164342
vn 0.680163 -0.698635 -0.222008
vn 0.950545 -0.018322 0.310045
vn 0.293559 -0.006498 0.955919
vn 0.638496 -0.656002 0.402472
vn 0.162452 -0.166754 0.972524
vn 0.424430 -0.435576 0.793809
vn 0.754452 -0.016952 0.656136
vn 0.239607 -0.004126 0.970861
vn 0.117719 -0.121023 0.985645
vn 0.697753 -0.716339 0.000000
vn 0.999773 -0.021323 0.000000
vn 0.998671 -0.021699 0.046751
vn 0.696294 -0.714753 0.065592
vn 0.999773 -0.021323 0.000000
vn 0.999773 -0.021324 0.000000
vn 0.697753 -0.716338 0.000000
vn 0.697753 -0.716339 0.000000
vn 0.020652 -0.999787 0.000000
vn 0.020652 -0.999787 0.000000
vn 0.020652 -0.999787 0.000000
vn 0.021019 -0.998686 0.046735
vn 0.016424 -0.754316 0.656305
vn 0.003986 -0.239631 0.970856
vn 0.006303 -0.293963 0.955796
vn 0.020650 -0.999787 -0.000002
vn 0.017724 -0.950640 0.309788
vn 0.019190 -0.986236 -0.164224
vn 0.012158 -0.625242 -0.780337
vn 0.015368 -0.712925 -0.701071
vn 0.005809 -0.266920 -0.963701
vn 0.020652 -0.999787 0.000000
vn 0.021231 -0.996868 -0.076175
vn 0.020652 -0.999787 0.000000
vn 0.020652 -0.999787 0.000000
vn 0.021514 -0.992880 0.117160
vn 0.010923 -0.539189 0.842114
vn 0.000594 -0.056919 0.998379
vn -0.000000 0.000000 1.000000
vn -0.000112 0.008444 0.999964
vn -0.000618 0.051513 0.998672
vn -0.007470 0.854931 0.518687
vn -0.006627 0.583764 0.811896
vn -0.008429 0.896778 0.442400
vn -0.009922 0.000000 0.999951
vn -0.009856 0.022175 0.999705
vn -0.010046 0.000000 0.999950
vn -0.009805 0.000000 0.999952
vn -0.009965 -0.020146 0.999747
vn -0.007144 -0.394464 0.918884
vn -0.011649 -0.758733 0.651297
vn -0.009859 -0.691998 0.721832
vn 0.000243 -0.030464 0.999536
vn -0.010302 0.021706 0.999711
vn 0.008017 -0.148380 0.988898
vn -0.020962 0.134673 0.990668
vn -0.016364 0.036540 0.999198
vn -0.016609 -0.037640 0.999153
vn -0.011358 0.000176 0.999936
vn -0.009511 -0.020190 0.999751
vn -0.021645 -0.132346 0.990967
vn -0.000000 0.000001 1.000000
vn -0.001585 -0.001019 0.999998
vn 0.017676 0.534964 0.844690
vn 0.001628 0.084148 0.996452
vn 0.033577 0.999436 0.000000
vn 0.034744 0.992342 0.118533
vn 0.033577 0.999436 0.000000
vn 0.033577 0.999436 0.000000
vn 0.034371 0.996432 -0.077082
vn 0.024705 0.708732 -0.705045
vn 0.009270 0.263738 -0.964550
vn 0.019795 0.620425 -0.784016
vn 0.033578 0.999436 -0.000001
vn 0.031464 0.985607 -0.166097
vn 0.029225 0.949290 0.313041
vn 0.010075 0.290382 0.956858
vn 0.026383 0.750345 0.660520
vn 0.006639 0.237286 0.971417
vn 0.033577 0.999436 0.000000
vn 0.034084 0.998299 0.047290
vn 0.033577 0.999436 0.000000
vn 0.033577 0.999436 0.000000
vn 0.266786 0.827787 0.493552
vn 0.008412 0.896792 0.442373
vn 0.008197 0.896834 0.442290
vn 0.262672 0.829467 0.492938
vn 0.000000 0.897886 0.440228
vn 0.000000 0.897899 0.440202
vn 0.000000 0.897899 0.440202
vn 0.000000 0.897898 0.440203
vn 0.000000 0.897886 0.440228
vn 0.000000 0.897886 0.440229
vn -0.008660 0.896746 0.442460
vn -0.359239 0.785108 0.504533
vn -0.008886 0.896701 0.442547
vn -0.364020 0.782610 0.504985
vn -0.938620 0.042197 0.342363
vn -0.938593 0.042388 0.342413
vn -0.945849 0.000000 0.324608
vn -0.945858 0.000000 0.324580
vn -0.945859 0.000000 0.324579
vn -0.945859 0.000000 0.324579
vn -0.945849 0.000000 0.324607
vn -0.945849 0.000000 0.324608
vn -0.934697 -0.038942 0.353305
vn -0.448265 -0.600717 0.661965
vn -0.934595 -0.039229 0.353544
vn -0.451796 -0.598638 0.661448
vn -0.012212 -0.758597 0.651446
vn -0.011932 -0.758657 0.651381
vn 0.000000 -0.760624 0.649193
vn 0.000000 -0.760635 0.649180
vn 0.000000 -0.760635 0.649180
vn 0.000000 -0.760635 0.649180
vn 0.000000 -0.760624 0.649193
vn 0.000000 -0.760624 0.649193
vn 0.011291 -0.758809 0.651216
vn 0.339506 -0.657475 0.672653
vn 0.011565 -0.758751 0.651278
vn 0.343026 -0.655818 0.672485
vn 0.928975 -0.056250 0.365844
vn 0.929095 -0.055935 0.365588
vn 0.945849 0.000000 0.324608
vn 0.945858 0.000000 0.324579
vn 0.945859 0.000000 0.324579
vn 0.945858 0.000000 0.324579
vn 0.945849 0.000000 0.324607
vn 0.945849 0.000000 0.324608
vn 0.934753 0.061001 0.350022
vn 0.934824 0.060623 0.349897
vn 0.003078 0.304461 0.952520
vn 0.103742 0.283315 0.953399
vn -0.000000 0.316569 0.948570
vn -0.000000 0.324551 0.945868
vn 0.000000 0.316198 0.948693
vn -0.003267 0.303157 0.952935
vn -0.146574 0.272416 0.950950
vn -0.795416 0.023091 0.605624
vn -0.836484 0.000000 0.547991
vn -0.854150 0.000000 0.520028
vn -0.832275 0.000000 0.554362
vn -0.737456 -0.035480 0.674462
vn -0.024874 -0.186981 0.982049
vn 0.020955 -0.471986 0.881357
vn 0.000000 -0.569910 0.821708
vn 0.000000 -0.539875 0.841745
vn 0.000000 -0.568709 0.822539
vn -0.018860 -0.467752 0.883658
vn 0.021147 -0.202744 0.979003
vn 0.712385 -0.046818 0.700226
vn 0.832275 0.000000 0.554362
vn 0.854150 0.000000 0.520027
vn 0.836484 0.000000 0.547991
vn 0.780124 0.033729 0.624715
s 1
g Alarme_incendie2
usemtl aiStandardSurface4SG
f 57/77/1 394/430/2 593/237/3 397/433/4
f 394/430/2 76/96/5 395/431/6 593/237/3
f 593/237/3 395/431/6 159/195/7 396/432/8
f 397/433/4 593/237/3 396/432/8 160/196/9
usemtl aiStandardSurface3SG
f 47/67/10 398/434/11 594/238/12 401/437/13
f 398/434/11 101/129/14 399/435/15 594/238/12
f 594/238/12 399/435/15 172/208/16 400/436/17
f 401/437/13 594/238/12 400/436/17 173/209/18
f 148/184/19 402/438/20 595/239/21 405/441/22
f 402/438/20 149/185/23 403/439/24 595/239/21
f 595/239/21 403/439/24 97/123/25 404/440/26
f 405/441/22 595/239/21 404/440/26 64/84/27
f 94/118/28 406/442/29 596/240/30 409/445/31
f 406/442/29 95/120/32 407/443/33 596/240/30
f 596/240/30 407/443/33 83/103/34 408/444/35
f 409/445/31 596/240/30 408/444/35 19/33/36
f 20/35/37 410/447/38 597/241/39 413/450/40
f 410/447/38 69/89/41 411/448/42 597/241/39
f 597/241/39 411/448/42 99/126/43 412/449/44
f 413/450/40 597/241/39 412/449/44 100/127/45
f 49/69/46 414/452/47 598/242/48 417/455/49
f 414/452/47 103/132/50 415/453/51 598/242/48
f 598/242/48 415/453/51 169/205/52 416/454/53
f 417/455/49 598/242/48 416/454/53 170/206/54
f 104/133/55 418/456/56 599/243/57 421/459/58
f 418/456/56 105/135/59 419/457/60 599/243/57
f 599/243/57 419/457/60 81/101/61 420/458/62
f 421/459/58 599/243/57 420/458/62 10/15/63
f 151/187/64 422/461/65 600/244/66 425/464/67
f 422/461/65 152/188/68 423/462/69 600/244/66
f 600/244/66 423/462/69 107/138/70 424/463/71
f 425/464/67 600/244/66 424/463/71 62/82/72
f 9/13/73 426/465/74 601/245/75 429/468/76
f 426/465/74 71/91/77 427/466/78 601/245/75
f 601/245/75 427/466/78 109/141/79 428/467/80
f 429/468/76 601/245/75 428/467/80 102/130/81
f 65/85/82 430/470/83 602/246/84 433/473/85
f 430/470/83 87/108/86 431/471/87 602/246/84
f 602/246/84 431/471/87 146/182/88 432/472/89
f 433/473/85 602/246/84 432/472/89 147/183/90
f 15/25/91 434/474/92 603/247/93 437/477/94
f 434/474/92 84/104/95 435/475/96 603/247/93
f 603/247/93 435/475/96 89/111/97 436/476/98
f 437/477/94 603/247/93 436/476/98 90/112/99
f 174/210/100 438/479/101 604/248/102 441/482/103
f 438/479/101 175/211/104 439/480/105 604/248/102
f 604/248/102 439/480/105 91/114/106 440/481/107
f 441/482/103 604/248/102 440/481/107 46/66/108
f 92/115/109 442/483/110 605/249/111 445/486/112
f 442/483/110 93/117/113 443/484/114 605/249/111
f 605/249/111 443/484/114 68/88/115 444/485/116
f 445/486/112 605/249/111 444/485/116 16/27/117
f 48/68/118 446/488/119 606/250/120 448/490/121
f 446/488/119 49/69/46 417/455/49 606/250/120
f 606/250/120 417/455/49 170/206/54 447/489/122
f 448/490/121 606/250/120 447/489/122 171/207/123
f 173/209/18 449/491/124 607/251/125 401/437/13
f 449/491/124 174/210/100 441/482/103 607/251/125
f 607/251/125 441/482/103 46/66/108 450/492/126
f 401/437/13 607/251/125 450/492/126 47/67/10
f 64/84/27 451/493/127 608/252/128 405/441/22
f 451/493/127 65/85/82 433/473/85 608/252/128
f 608/252/128 433/473/85 147/183/90 452/494/129
f 405/441/22 608/252/128 452/494/129 148/184/19
f 150/186/130 453/495/131 609/253/132 455/497/133
f 453/495/131 151/187/64 425/464/67 609/253/132
f 609/253/132 425/464/67 62/82/72 454/496/134
f 455/497/133 609/253/132 454/496/134 63/83/135
f 10/15/63 420/458/62 610/254/136 458/500/137
f 420/458/62 81/101/61 456/498/138 610/254/136
f 610/254/136 456/498/138 82/102/139 457/499/140
f 458/500/137 610/254/136 457/499/140 18/31/141
f 83/103/34 459/502/142 611/255/143 408/444/35
f 459/502/142 84/104/95 434/474/92 611/255/143
f 611/255/143 434/474/92 15/25/91 460/503/144
f 408/444/35 611/255/143 460/503/144 19/33/36
f 16/27/117 444/485/116 612/256/145 462/506/146
f 444/485/116 68/88/115 461/505/147 612/256/145
f 612/256/145 461/505/147 69/89/41 410/447/38
f 462/506/146 612/256/145 410/447/38 20/35/37
f 70/90/148 463/508/149 613/257/150 465/511/151
f 463/508/149 71/91/77 426/465/74 613/257/150
f 613/257/150 426/465/74 9/13/73 464/509/152
f 465/511/151 613/257/150 464/509/152 17/29/153
f 60/80/154 466/512/155 614/258/156 469/515/157
f 466/512/155 61/81/158 467/513/159 614/258/156
f 614/258/156 467/513/159 154/190/160 468/514/161
f 469/515/157 614/258/156 468/514/161 155/191/162
f 79/99/163 470/516/164 615/259/165 473/519/166
f 470/516/164 80/100/167 471/517/168 615/259/165
f 615/259/165 471/517/168 4/4/169 472/518/170
f 473/519/166 615/259/165 472/518/170 27/47/171
f 166/202/172 474/520/173 616/260/174 477/523/175
f 474/520/173 167/203/176 475/521/177 616/260/174
f 616/260/174 475/521/177 50/70/178 476/522/179
f 477/523/175 616/260/174 476/522/179 51/71/180
f 3/3/181 478/524/182 617/261/183 481/527/184
f 478/524/182 72/92/185 479/525/186 617/261/183
f 617/261/183 479/525/186 73/93/187 480/526/188
f 481/527/184 617/261/183 480/526/188 28/48/189
f 59/79/190 482/528/191 618/262/192 484/530/193
f 482/528/191 60/80/154 469/515/157 618/262/192
f 618/262/192 469/515/157 155/191/162 483/529/194
f 484/530/193 618/262/192 483/529/194 156/192/195
f 78/98/196 485/531/197 619/263/198 487/533/199
f 485/531/197 79/99/163 473/519/166 619/263/198
f 619/263/198 473/519/166 27/47/171 486/532/200
f 487/533/199 619/263/198 486/532/200 31/51/201
f 163/199/202 488/534/203 620/264/204 491/537/205
f 488/534/203 164/200/206 489/535/207 620/264/204
f 620/264/204 489/535/207 53/73/208 490/536/209
f 491/537/205 620/264/204 490/536/209 54/74/210
f 28/48/189 480/526/188 621/265/211 494/540/212
f 480/526/188 73/93/187 492/538/213 621/265/211
f 621/265/211 492/538/213 74/94/214 493/539/215
f 494/540/212 621/265/211 493/539/215 32/52/216
f 58/78/217 495/541/218 622/266/219 498/544/220
f 495/541/218 178/214/221 496/542/222 622/266/219
f 622/266/219 496/542/222 179/215/223 497/543/224
f 498/544/220 622/266/219 497/543/224 157/193/225
f 77/97/226 499/545/227 623/267/228 502/548/229
f 499/545/227 182/218/230 500/546/231 623/267/228
f 623/267/228 500/546/231 183/219/232 501/547/233
f 502/548/229 623/267/228 501/547/233 35/55/234
f 160/196/9 503/549/235 624/268/236 397/433/4
f 503/549/235 184/220/237 504/550/238 624/268/236
f 624/268/236 504/550/238 185/221/239 505/551/240
f 397/433/4 624/268/236 505/551/240 57/77/1
f 186/222/241 506/552/242 625/269/243 509/555/244
f 506/552/242 187/223/245 507/553/246 625/269/243
f 625/269/243 507/553/246 75/95/247 508/554/248
f 509/555/244 625/269/243 508/554/248 36/56/249
f 165/201/250 510/556/251 626/270/252 512/558/253
f 510/556/251 166/202/172 477/523/175 626/270/252
f 626/270/252 477/523/175 51/71/180 511/557/254
f 512/558/253 626/270/252 511/557/254 52/72/255
f 28/48/189 494/540/212 627/271/256 515/561/257
f 494/540/212 32/52/216 513/559/258 627/271/256
f 627/271/256 513/559/258 39/59/259 514/560/260
f 515/561/257 627/271/256 514/560/260 37/57/261
f 55/75/262 516/562/263 628/272/264 519/565/265
f 516/562/263 56/76/266 517/563/267 628/272/264
f 628/272/264 517/563/267 161/197/268 518/564/269
f 519/565/265 628/272/264 518/564/269 162/198/270
f 31/51/201 486/532/200 629/273/271 522/568/272
f 486/532/200 27/47/171 520/566/273 629/273/271
f 629/273/271 520/566/273 38/58/274 521/567/275
f 522/568/272 629/273/271 521/567/275 40/60/276
f 164/200/206 523/569/277 630/274/278 489/535/207
f 523/569/277 165/201/250 512/558/253 630/274/278
f 630/274/278 512/558/253 52/72/255 524/570/279
f 489/535/207 630/274/278 524/570/279 53/73/208
f 37/57/261 514/560/260 631/275/280 527/573/281
f 514/560/260 39/59/259 525/571/282 631/275/280
f 631/275/280 525/571/282 43/63/283 526/572/284
f 527/573/281 631/275/280 526/572/284 41/61/285
f 54/74/210 528/574/286 632/276/287 491/537/205
f 528/574/286 55/75/262 519/565/265 632/276/287
f 632/276/287 519/565/265 162/198/270 529/575/288
f 491/537/205 632/276/287 529/575/288 163/199/202
f 40/60/276 521/567/275 633/277/289 532/578/290
f 521/567/275 38/58/274 530/576/291 633/277/289
f 633/277/289 530/576/291 42/62/292 531/577/293
f 532/578/290 633/277/289 531/577/293 44/64/294
f 16/28/117 533/579/295 634/278/296 445/487/112
f 533/579/295 46/66/108 440/481/107 634/278/296
f 634/278/296 440/481/107 91/114/106 534/580/297
f 445/487/112 634/278/296 534/580/297 92/116/109
f 47/67/10 450/492/126 635/279/298 535/581/299
f 450/492/126 46/66/108 533/579/295 635/279/298
f 635/279/298 533/579/295 16/28/117 462/507/146
f 535/581/299 635/279/298 462/507/146 20/36/37
f 100/128/45 536/582/300 636/280/301 413/451/40
f 536/582/300 101/129/14 398/434/11 636/280/301
f 636/280/301 398/434/11 47/67/10 535/581/299
f 413/451/40 636/280/301 535/581/299 20/36/37
f 9/14/73 537/583/302 637/281/303 464/510/152
f 537/583/302 49/69/46 446/488/119 637/281/303
f 637/281/303 446/488/119 48/68/118 538/584/304
f 464/510/152 637/281/303 538/584/304 17/30/153
f 102/131/81 539/585/305 638/282/306 429/469/76
f 539/585/305 103/132/50 414/452/47 638/282/306
f 638/282/306 414/452/47 49/69/46 537/583/302
f 429/469/76 638/282/306 537/583/302 9/14/73
f 51/71/180 476/522/179 639/283/307 541/587/308
f 476/522/179 50/70/178 540/586/309 639/283/307
f 639/283/307 540/586/309 3/3/181 481/527/184
f 541/587/308 639/283/307 481/527/184 28/48/189
f 52/72/255 511/557/254 640/284/310 542/588/311
f 511/557/254 51/71/180 541/587/308 640/284/310
f 640/284/310 541/587/308 28/48/189 515/561/257
f 542/588/311 640/284/310 515/561/257 37/57/261
f 53/73/208 524/570/279 641/285/312 543/589/313
f 524/570/279 52/72/255 542/588/311 641/285/312
f 641/285/312 542/588/311 37/57/261 527/573/281
f 543/589/313 641/285/312 527/573/281 41/61/285
f 54/74/210 490/536/209 642/286/314 544/590/315
f 490/536/209 53/73/208 543/589/313 642/286/314
f 642/286/314 543/589/313 41/61/285 526/572/284
f 544/590/315 642/286/314 526/572/284 43/63/283
f 39/59/259 545/591/316 643/287/317 525/571/282
f 545/591/316 55/75/262 528/574/286 643/287/317
f 643/287/317 528/574/286 54/74/210 544/590/315
f 525/571/282 643/287/317 544/590/315 43/63/283
f 32/52/216 546/592/318 644/288/319 513/559/258
f 546/592/318 56/76/266 516/562/263 644/288/319
f 644/288/319 516/562/263 55/75/262 545/591/316
f 513/559/258 644/288/319 545/591/316 39/59/259
f 57/77/1 505/551/240 645/289/320 548/594/321
f 505/551/240 185/221/239 547/593/322 645/289/320
f 645/289/320 547/593/322 186/222/241 509/555/244
f 548/594/321 645/289/320 509/555/244 36/56/249
usemtl aiStandardSurface4SG
f 75/95/247 549/595/323 646/290/324 508/554/248
f 549/595/323 76/96/5 394/430/2 646/290/324
f 646/290/324 394/430/2 57/77/1 548/594/321
f 508/554/248 646/290/324 548/594/321 36/56/249
usemtl aiStandardSurface3SG
f 177/213/325 550/596/326 647/291/327 552/598/328
f 550/596/326 178/214/221 495/541/218 647/291/327
f 647/291/327 495/541/218 58/78/217 551/597/329
f 552/598/328 647/291/327 551/597/329 33/53/330
f 25/45/331 553/599/332 648/292/333 555/601/334
f 553/599/332 60/80/154 482/528/191 648/292/333
f 648/292/333 482/528/191 59/79/190 554/600/335
f 555/601/334 648/292/333 554/600/335 29/49/336
f 1/1/337 556/602/338 649/293/339 557/603/340
f 556/602/338 61/81/158 466/512/155 649/293/339
f 649/293/339 466/512/155 60/80/154 553/599/332
f 557/603/340 649/293/339 553/599/332 25/45/331
f 12/19/341 558/604/342 650/294/343 560/606/344
f 558/604/342 62/82/72 424/463/71 650/294/343
f 650/294/343 424/463/71 107/138/70 559/605/345
f 560/606/344 650/294/343 559/605/345 108/139/346
f 63/83/135 454/496/134 651/295/347 562/610/348
f 454/496/134 62/82/72 558/604/342 651/295/347
f 651/295/347 558/604/342 12/19/341 561/608/349
f 562/610/348 651/295/347 561/608/349 24/43/350
f 21/37/351 563/611/352 652/296/353 565/613/354
f 563/611/352 64/84/27 404/440/26 652/296/353
f 652/296/353 404/440/26 97/123/25 564/612/355
f 565/613/354 652/296/353 564/612/355 98/124/356
f 13/21/357 566/615/358 653/297/359 567/616/360
f 566/615/358 65/85/82 451/493/127 653/297/359
f 653/297/359 451/493/127 64/84/27 563/611/352
f 567/616/360 653/297/359 563/611/352 21/37/351
f 86/106/361 568/618/362 654/298/363 569/619/364
f 568/618/362 87/108/86 430/470/83 654/298/363
f 654/298/363 430/470/83 65/85/82 566/615/358
f 569/619/364 654/298/363 566/615/358 13/21/357
f 93/117/113 570/621/365 655/299/366 443/484/114
f 570/621/365 119/155/367 571/622/368 655/299/366
f 655/299/366 571/622/368 120/156/369 572/623/370
f 443/484/114 655/299/366 572/623/370 68/88/115
f 69/89/41 461/505/147 656/300/371 574/625/372
f 461/505/147 68/88/115 572/623/370 656/300/371
f 656/300/371 572/623/370 120/156/369 573/624/373
f 574/625/372 656/300/371 573/624/373 121/157/374
f 121/157/374 575/626/375 657/301/376 574/625/372
f 575/626/375 122/158/377 576/627/378 657/301/376
f 657/301/376 576/627/378 99/126/43 411/448/42
f 574/625/372 657/301/376 411/448/42 69/89/41
f 123/159/379 577/628/380 658/302/381 579/630/382
f 577/628/380 124/160/383 578/629/384 658/302/381
f 658/302/381 578/629/384 71/91/77 463/508/149
f 579/630/382 658/302/381 463/508/149 70/90/148
f 124/160/383 580/631/385 659/303/386 578/629/384
f 580/631/385 125/161/387 581/632/388 659/303/386
f 659/303/386 581/632/388 109/141/79 427/466/78
f 578/629/384 659/303/386 427/466/78 71/91/77
f 73/93/187 479/525/186 660/304/389 584/635/390
f 479/525/186 72/92/185 582/633/391 660/304/389
f 660/304/389 582/633/391 127/163/392 583/634/393
f 584/635/390 660/304/389 583/634/393 128/164/394
f 74/94/214 492/538/213 661/305/395 586/637/396
f 492/538/213 73/93/187 584/635/390 661/305/395
f 661/305/395 584/635/390 128/164/394 585/636/397
f 586/637/396 661/305/395 585/636/397 129/165/398
f 75/95/247 507/553/246 662/306/399 589/640/400
f 507/553/246 187/223/245 587/638/401 662/306/399
f 662/306/399 587/638/401 188/224/402 588/639/403
f 589/640/400 662/306/399 588/639/403 130/166/404
usemtl aiStandardSurface4SG
f 130/166/404 590/641/405 663/307/406 589/640/400
f 590/641/405 131/167/407 591/642/408 663/307/406
f 663/307/406 591/642/408 76/96/5 549/595/323
f 589/640/400 663/307/406 549/595/323 75/95/247
f 158/194/409 592/643/410 664/308/411 201/644/412
f 592/643/410 159/195/7 395/431/6 664/308/411
f 664/308/411 395/431/6 76/96/5 591/642/408
f 201/644/412 664/308/411 591/642/408 131/167/407
usemtl aiStandardSurface3SG
f 132/168/413 202/645/414 665/309/415 204/647/416
f 202/645/414 181/217/417 203/646/418 665/309/415
f 665/309/415 203/646/418 182/218/230 499/545/227
f 204/647/416 665/309/415 499/545/227 77/97/226
f 133/169/419 205/648/420 666/310/421 207/650/422
f 205/648/420 134/170/423 206/649/424 666/310/421
f 666/310/421 206/649/424 79/99/163 485/531/197
f 207/650/422 666/310/421 485/531/197 78/98/196
f 134/170/423 208/651/425 667/311/426 206/649/424
f 208/651/425 135/171/427 209/652/428 667/311/426
f 667/311/426 209/652/428 80/100/167 470/516/164
f 206/649/424 667/311/426 470/516/164 79/99/163
f 105/135/59 210/653/429 668/312/430 419/457/60
f 210/653/429 137/173/431 211/654/432 668/312/430
f 668/312/430 211/654/432 138/174/433 212/655/434
f 419/457/60 668/312/430 212/655/434 81/101/61
f 82/102/139 456/498/138 669/313/435 214/657/436
f 456/498/138 81/101/61 212/655/434 669/313/435
f 669/313/435 212/655/434 138/174/433 213/656/437
f 214/657/436 669/313/435 213/656/437 139/175/438
f 83/103/34 407/443/33 670/314/439 217/660/440
f 407/443/33 95/120/32 215/658/441 670/314/439
f 670/314/439 215/658/441 140/176/442 216/659/443
f 217/660/440 670/314/439 216/659/443 141/177/444
f 141/177/444 218/661/445 671/315/446 217/660/440
f 218/661/445 142/178/447 219/662/448 671/315/446
f 671/315/446 219/662/448 84/104/95 459/502/142
f 217/660/440 671/315/446 459/502/142 83/103/34
f 142/178/447 220/663/449 672/316/450 219/662/448
f 220/663/449 143/179/451 221/664/452 672/316/450
f 672/316/450 221/664/452 89/111/97 435/475/96
f 219/662/448 672/316/450 435/475/96 84/104/95
f 7/9/453 222/665/454 673/317/455 224/667/456
f 222/665/454 66/86/457 223/666/458 673/317/455
f 673/317/455 223/666/458 87/108/86 568/618/362
f 224/667/456 673/317/455 568/618/362 86/106/361
f 145/181/459 225/669/460 674/318/461 226/670/462
f 225/669/460 146/182/88 431/471/87 674/318/461
f 674/318/461 431/471/87 87/108/86 223/666/458
f 226/670/462 674/318/461 223/666/458 66/86/457
f 85/105/463 227/671/464 675/319/465 229/673/466
f 227/671/464 89/111/97 221/664/452 675/319/465
f 675/319/465 221/664/452 143/179/451 228/672/467
f 229/673/466 675/319/465 228/672/467 144/180/468
f 90/112/99 436/476/98 676/320/469 231/675/470
f 436/476/98 89/111/97 227/671/464 676/320/469
f 676/320/469 227/671/464 85/105/463 230/674/471
f 231/675/470 676/320/469 230/674/471 6/8/472
f 45/65/473 232/677/474 677/321/475 234/679/476
f 232/677/474 91/114/106 439/480/105 677/321/475
f 677/321/475 439/480/105 175/211/104 233/678/477
f 234/679/476 677/321/475 233/678/477 176/212/478
f 92/116/109 534/580/297 678/322/479 236/681/480
f 534/580/297 91/114/106 232/677/474 678/322/479
f 678/322/479 232/677/474 45/65/473 235/680/481
f 236/681/480 678/322/479 235/680/481 5/6/482
f 67/87/483 237/683/484 679/323/485 238/684/486
f 237/683/484 93/117/113 442/483/110 679/323/485
f 679/323/485 442/483/110 92/115/109 236/682/480
f 238/684/486 679/323/485 236/682/480 5/5/482
f 118/154/487 239/685/488 680/324/489 240/686/490
f 239/685/488 119/155/367 570/621/365 680/324/489
f 680/324/489 570/621/365 93/117/113 237/683/484
f 240/686/490 680/324/489 237/683/484 67/87/483
f 18/31/141 457/499/140 681/325/491 242/688/492
f 457/499/140 82/102/139 241/687/493 681/325/491
f 681/325/491 241/687/493 95/120/32 406/442/29
f 242/688/492 681/325/491 406/442/29 94/118/28
f 139/175/438 243/690/494 682/326/495 214/657/436
f 243/690/494 140/176/442 215/658/441 682/326/495
f 682/326/495 215/658/441 95/120/32 241/687/493
f 214/657/436 682/326/495 241/687/493 82/102/139
f 63/83/135 244/691/496 683/327/497 455/497/133
f 244/691/496 97/123/25 403/439/24 683/327/497
f 683/327/497 403/439/24 149/185/23 245/692/498
f 455/497/133 683/327/497 245/692/498 150/186/130
f 98/124/356 564/612/355 684/328/499 246/693/500
f 564/612/355 97/123/25 244/691/496 684/328/499
f 684/328/499 244/691/496 63/83/135 562/610/348
f 246/693/500 684/328/499 562/610/348 24/43/350
f 70/90/148 247/695/501 685/329/502 579/630/382
f 247/695/501 99/126/43 576/627/378 685/329/502
f 685/329/502 576/627/378 122/158/377 248/696/503
f 579/630/382 685/329/502 248/696/503 123/159/379
f 100/127/45 412/449/44 686/330/504 249/697/505
f 412/449/44 99/126/43 247/695/501 686/330/504
f 686/330/504 247/695/501 70/90/148 465/511/151
f 249/697/505 686/330/504 465/511/151 17/29/153
f 17/30/153 538/584/304 687/331/506 249/698/505
f 538/584/304 48/68/118 250/699/507 687/331/506
f 687/331/506 250/699/507 101/129/14 536/582/300
f 249/698/505 687/331/506 536/582/300 100/128/45
f 171/207/123 251/700/508 688/332/509 448/490/121
f 251/700/508 172/208/16 399/435/15 688/332/509
f 688/332/509 399/435/15 101/129/14 250/699/507
f 448/490/121 688/332/509 250/699/507 48/68/118
f 110/142/510 252/701/511 689/333/512 254/703/513
f 252/701/511 111/144/514 253/702/515 689/333/512
f 689/333/512 253/702/515 103/132/50 539/585/305
f 254/703/513 689/333/512 539/585/305 102/131/81
f 168/204/516 255/705/517 690/334/518 256/706/519
f 255/705/517 169/205/52 415/453/51 690/334/518
f 690/334/518 415/453/51 103/132/50 253/702/515
f 256/706/519 690/334/518 253/702/515 111/144/514
f 112/145/520 257/707/521 691/335/522 259/709/523
f 257/707/521 113/147/524 258/708/525 691/335/522
f 691/335/522 258/708/525 105/135/59 418/456/56
f 259/709/523 691/335/522 418/456/56 104/133/55
f 113/147/524 260/711/526 692/336/527 258/708/525
f 260/711/526 136/172/528 261/712/529 692/336/527
f 692/336/527 261/712/529 137/173/431 210/653/429
f 258/708/525 692/336/527 210/653/429 105/135/59
f 152/188/68 262/713/530 693/337/531 423/462/69
f 262/713/530 153/189/532 263/714/533 693/337/531
f 693/337/531 263/714/533 115/150/534 264/715/535
f 423/462/69 693/337/531 264/715/535 107/138/70
f 108/139/346 559/605/345 694/338/536 266/717/537
f 559/605/345 107/138/70 264/715/535 694/338/536
f 694/338/536 264/715/535 115/150/534 265/716/538
f 266/717/537 694/338/536 265/716/538 116/151/539
f 125/161/387 267/719/540 695/339/541 581/632/388
f 267/719/540 126/162/542 268/720/543 695/339/541
f 695/339/541 268/720/543 117/153/544 269/721/545
f 581/632/388 695/339/541 269/721/545 109/141/79
f 102/130/81 428/467/80 696/340/546 254/704/513
f 428/467/80 109/141/79 269/721/545 696/340/546
f 696/340/546 269/721/545 117/153/544 270/722/547
f 254/704/513 696/340/546 270/722/547 110/143/510
f 3/3/181 540/586/309 697/341/548 272/724/549
f 540/586/309 50/70/178 271/723/550 697/341/548
f 697/341/548 271/723/550 111/144/514 252/701/511
f 272/724/549 697/341/548 252/701/511 110/142/510
f 167/203/176 273/726/551 698/342/552 475/521/177
f 273/726/551 168/204/516 256/706/519 698/342/552
f 698/342/552 256/706/519 111/144/514 271/723/550
f 475/521/177 698/342/552 271/723/550 50/70/178
f 80/100/167 274/727/553 699/343/554 471/517/168
f 274/727/553 113/147/524 257/707/521 699/343/554
f 699/343/554 257/707/521 112/145/520 275/728/555
f 471/517/168 699/343/554 275/728/555 4/4/169
f 135/171/427 276/730/556 700/344/557 209/652/428
f 276/730/556 136/172/528 260/711/526 700/344/557
f 700/344/557 260/711/526 113/147/524 274/727/553
f 209/652/428 700/344/557 274/727/553 80/100/167
f 61/81/158 277/731/558 701/345/559 467/513/159
f 277/731/558 115/150/534 263/714/533 701/345/559
f 701/345/559 263/714/533 153/189/532 278/732/560
f 467/513/159 701/345/559 278/732/560 154/190/160
f 116/151/539 265/716/538 702/346/561 279/733/562
f 265/716/538 115/150/534 277/731/558 702/346/561
f 702/346/561 277/731/558 61/81/158 556/602/338
f 279/733/562 702/346/561 556/602/338 1/1/337
f 72/92/185 280/735/563 703/347/564 582/633/391
f 280/735/563 117/153/544 268/720/543 703/347/564
f 703/347/564 268/720/543 126/162/542 281/736/565
f 582/633/391 703/347/564 281/736/565 127/163/392
f 110/143/510 270/722/547 704/348/566 272/725/549
f 270/722/547 117/153/544 280/735/563 704/348/566
f 704/348/566 280/735/563 72/92/185 478/524/182
f 272/725/549 704/348/566 478/524/182 3/3/181
f 7/10/453 224/668/456 705/349/567 283/738/568
f 224/668/456 86/107/361 282/737/569 705/349/567
f 705/349/567 282/737/569 119/155/367 239/685/488
f 283/738/568 705/349/567 239/685/488 118/154/487
f 120/156/369 571/622/368 706/350/570 284/739/571
f 571/622/368 119/155/367 282/737/569 706/350/570
f 706/350/570 282/737/569 86/107/361 569/620/364
f 284/739/571 706/350/570 569/620/364 13/22/357
f 121/157/374 573/624/373 707/351/572 285/740/573
f 573/624/373 120/156/369 284/739/571 707/351/572
f 707/351/572 284/739/571 13/22/357 567/617/360
f 285/740/573 707/351/572 567/617/360 21/38/351
f 98/125/356 286/741/574 708/352/575 565/614/354
f 286/741/574 122/158/377 575/626/375 708/352/575
f 708/352/575 575/626/375 121/157/374 285/740/573
f 565/614/354 708/352/575 285/740/573 21/38/351
f 123/159/379 248/696/503 709/353/576 287/742/577
f 248/696/503 122/158/377 286/741/574 709/353/576
f 709/353/576 286/741/574 98/125/356 246/694/500
f 287/742/577 709/353/576 246/694/500 24/44/350
f 12/20/341 288/743/578 710/354/579 561/609/349
f 288/743/578 124/160/383 577/628/380 710/354/579
f 710/354/579 577/628/380 123/159/379 287/742/577
f 561/609/349 710/354/579 287/742/577 24/44/350
f 108/140/346 289/744/580 711/355/581 560/607/344
f 289/744/580 125/161/387 580/631/385 711/355/581
f 711/355/581 580/631/385 124/160/383 288/743/578
f 560/607/344 711/355/581 288/743/578 12/20/341
f 116/152/539 290/745/582 712/356/583 266/718/537
f 290/745/582 126/162/542 267/719/540 712/356/583
f 712/356/583 267/719/540 125/161/387 289/744/580
f 266/718/537 712/356/583 289/744/580 108/140/346
f 127/163/392 281/736/565 713/357/584 291/746/585
f 281/736/565 126/162/542 290/745/582 713/357/584
f 713/357/584 290/745/582 116/152/539 279/734/562
f 291/746/585 713/357/584 279/734/562 1/1/337
f 128/164/394 583/634/393 714/358/586 292/747/587
f 583/634/393 127/163/392 291/746/585 714/358/586
f 714/358/586 291/746/585 1/1/337 557/603/340
f 292/747/587 714/358/586 557/603/340 25/45/331
f 129/165/398 585/636/397 715/359/588 293/748/589
f 585/636/397 128/164/394 292/747/587 715/359/588
f 715/359/588 292/747/587 25/45/331 555/601/334
f 293/748/589 715/359/588 555/601/334 29/49/336
f 130/166/404 588/639/403 716/360/590 295/750/591
f 588/639/403 188/224/402 294/749/592 716/360/590
f 716/360/590 294/749/592 177/213/325 552/598/328
f 295/750/591 716/360/590 552/598/328 33/53/330
usemtl aiStandardSurface4SG
f 33/53/330 551/597/329 717/361/593 295/750/591
f 551/597/329 58/78/217 296/751/594 717/361/593
f 717/361/593 296/751/594 131/167/407 590/641/405
f 295/750/591 717/361/593 590/641/405 130/166/404
f 157/193/225 297/752/595 718/362/596 498/544/220
f 297/752/595 158/194/409 201/644/412 718/362/596
f 718/362/596 201/644/412 131/167/407 296/751/594
f 498/544/220 718/362/596 296/751/594 58/78/217
usemtl aiStandardSurface3SG
f 180/216/597 298/753/598 719/363/599 300/755/600
f 298/753/598 181/217/417 202/645/414 719/363/599
f 719/363/599 202/645/414 132/168/413 299/754/601
f 300/755/600 719/363/599 299/754/601 34/54/602
f 26/46/603 301/756/604 720/364/605 303/758/606
f 301/756/604 134/170/423 205/648/420 720/364/605
f 720/364/605 205/648/420 133/169/419 302/757/607
f 303/758/606 720/364/605 302/757/607 30/50/608
f 2/2/609 304/759/610 721/365/611 305/760/612
f 304/759/610 135/171/427 208/651/425 721/365/611
f 721/365/611 208/651/425 134/170/423 301/756/604
f 305/760/612 721/365/611 301/756/604 26/46/603
f 2/2/609 306/761/613 722/366/614 304/759/610
f 306/761/613 114/148/615 307/763/616 722/366/614
f 722/366/614 307/763/616 136/172/528 276/730/556
f 304/759/610 722/366/614 276/730/556 135/171/427
f 137/173/431 261/712/529 723/367/617 309/766/618
f 261/712/529 136/172/528 307/763/616 723/367/617
f 723/367/617 307/763/616 114/148/615 308/764/619
f 309/766/618 723/367/617 308/764/619 106/136/620
f 138/174/433 211/654/432 724/368/621 311/769/622
f 211/654/432 137/173/431 309/766/618 724/368/621
f 724/368/621 309/766/618 106/136/620 310/767/623
f 311/769/622 724/368/621 310/767/623 11/17/624
f 139/175/438 213/656/437 725/369/625 313/772/626
f 213/656/437 138/174/433 311/769/622 725/369/625
f 725/369/625 311/769/622 11/17/624 312/770/627
f 313/772/626 725/369/625 312/770/627 23/41/628
f 96/121/629 314/773/630 726/370/631 315/774/632
f 314/773/630 140/176/442 243/690/494 726/370/631
f 726/370/631 243/690/494 139/175/438 313/772/626
f 315/774/632 726/370/631 313/772/626 23/41/628
f 141/177/444 216/659/443 727/371/633 317/778/634
f 216/659/443 140/176/442 314/773/630 727/371/633
f 727/371/633 314/773/630 96/121/629 316/776/635
f 317/778/634 727/371/633 316/776/635 22/39/636
f 14/23/637 318/779/638 728/372/639 319/780/640
f 318/779/638 142/178/447 218/661/445 728/372/639
f 728/372/639 218/661/445 141/177/444 317/778/634
f 319/780/640 728/372/639 317/778/634 22/39/636
f 88/109/641 320/782/642 729/373/643 321/783/644
f 320/782/642 143/179/451 220/663/449 729/373/643
f 729/373/643 220/663/449 142/178/447 318/779/638
f 321/783/644 729/373/643 318/779/638 14/23/637
f 144/180/468 228/672/467 730/374/645 323/787/646
f 228/672/467 143/179/451 320/782/642 730/374/645
f 730/374/645 320/782/642 88/109/641 322/785/647
f 323/787/646 730/374/645 322/785/647 8/11/648
f 88/110/641 324/788/649 731/375/650 322/786/647
f 324/788/649 146/182/88 225/669/460 731/375/650
f 731/375/650 225/669/460 145/181/459 325/789/651
f 322/786/647 731/375/650 325/789/651 8/12/648
f 147/183/90 432/472/89 732/376/652 326/790/653
f 432/472/89 146/182/88 324/788/649 732/376/652
f 732/376/652 324/788/649 88/110/641 321/784/644
f 326/790/653 732/376/652 321/784/644 14/24/637
f 148/184/19 452/494/129 733/377/654 327/791/655
f 452/494/129 147/183/90 326/790/653 733/377/654
f 733/377/654 326/790/653 14/24/637 319/781/640
f 327/791/655 733/377/654 319/781/640 22/40/636
f 96/122/629 328/792/656 734/378/657 316/777/635
f 328/792/656 149/185/23 402/438/20 734/378/657
f 734/378/657 402/438/20 148/184/19 327/791/655
f 316/777/635 734/378/657 327/791/655 22/40/636
f 150/186/130 245/692/498 735/379/658 329/793/659
f 245/692/498 149/185/23 328/792/656 735/379/658
f 735/379/658 328/792/656 96/122/629 315/775/632
f 329/793/659 735/379/658 315/775/632 23/42/628
f 11/18/624 330/794/660 736/380/661 312/771/627
f 330/794/660 151/187/64 453/495/131 736/380/661
f 736/380/661 453/495/131 150/186/130 329/793/659
f 312/771/627 736/380/661 329/793/659 23/42/628
f 106/137/620 331/795/662 737/381/663 310/768/623
f 331/795/662 152/188/68 422/461/65 737/381/663
f 737/381/663 422/461/65 151/187/64 330/794/660
f 310/768/623 737/381/663 330/794/660 11/18/624
f 114/149/615 332/796/664 738/382/665 308/765/619
f 332/796/664 153/189/532 262/713/530 738/382/665
f 738/382/665 262/713/530 152/188/68 331/795/662
f 308/765/619 738/382/665 331/795/662 106/137/620
f 154/190/160 278/732/560 739/383/666 333/797/667
f 278/732/560 153/189/532 332/796/664 739/383/666
f 739/383/666 332/796/664 114/149/615 306/762/613
f 333/797/667 739/383/666 306/762/613 2/2/609
f 155/191/162 468/514/161 740/384/668 334/798/669
f 468/514/161 154/190/160 333/797/667 740/384/668
f 740/384/668 333/797/667 2/2/609 305/760/612
f 334/798/669 740/384/668 305/760/612 26/46/603
f 156/192/195 483/529/194 741/385/670 335/799/671
f 483/529/194 155/191/162 334/798/669 741/385/670
f 741/385/670 334/798/669 26/46/603 303/758/606
f 335/799/671 741/385/670 303/758/606 30/50/608
f 157/193/225 497/543/224 742/386/672 337/801/673
f 497/543/224 179/215/223 336/800/674 742/386/672
f 742/386/672 336/800/674 180/216/597 300/755/600
f 337/801/673 742/386/672 300/755/600 34/54/602
usemtl aiStandardSurface4SG
f 132/168/413 338/802/675 743/387/676 299/754/601
f 338/802/675 158/194/409 297/752/595 743/387/676
f 743/387/676 297/752/595 157/193/225 337/801/673
f 299/754/601 743/387/676 337/801/673 34/54/602
f 77/97/226 339/803/677 744/388/678 204/647/416
f 339/803/677 159/195/7 592/643/410 744/388/678
f 744/388/678 592/643/410 158/194/409 338/802/675
f 204/647/416 744/388/678 338/802/675 132/168/413
f 160/196/9 396/432/8 745/389/679 340/804/680
f 396/432/8 159/195/7 339/803/677 745/389/679
f 745/389/679 339/803/677 77/97/226 502/548/229
f 340/804/680 745/389/679 502/548/229 35/55/234
usemtl aiStandardSurface3SG
f 183/219/232 341/805/681 746/390/682 501/547/233
f 341/805/681 184/220/237 503/549/235 746/390/682
f 746/390/682 503/549/235 160/196/9 340/804/680
f 501/547/233 746/390/682 340/804/680 35/55/234
f 162/198/270 518/564/269 747/391/683 343/807/684
f 518/564/269 161/197/268 342/806/685 747/391/683
f 747/391/683 342/806/685 31/51/201 522/568/272
f 343/807/684 747/391/683 522/568/272 40/60/276
f 163/199/202 529/575/288 748/392/686 344/808/687
f 529/575/288 162/198/270 343/807/684 748/392/686
f 748/392/686 343/807/684 40/60/276 532/578/290
f 344/808/687 748/392/686 532/578/290 44/64/294
f 42/62/292 345/809/688 749/393/689 531/577/293
f 345/809/688 164/200/206 488/534/203 749/393/689
f 749/393/689 488/534/203 163/199/202 344/808/687
f 531/577/293 749/393/689 344/808/687 44/64/294
f 38/58/274 346/810/690 750/394/691 530/576/291
f 346/810/690 165/201/250 523/569/277 750/394/691
f 750/394/691 523/569/277 164/200/206 345/809/688
f 530/576/291 750/394/691 345/809/688 42/62/292
f 27/47/171 347/811/692 751/395/693 520/566/273
f 347/811/692 166/202/172 510/556/251 751/395/693
f 751/395/693 510/556/251 165/201/250 346/810/690
f 520/566/273 751/395/693 346/810/690 38/58/274
f 4/4/169 348/812/694 752/396/695 472/518/170
f 348/812/694 167/203/176 474/520/173 752/396/695
f 752/396/695 474/520/173 166/202/172 347/811/692
f 472/518/170 752/396/695 347/811/692 27/47/171
f 112/146/520 349/813/696 753/397/697 275/729/555
f 349/813/696 168/204/516 273/726/551 753/397/697
f 753/397/697 273/726/551 167/203/176 348/812/694
f 275/729/555 753/397/697 348/812/694 4/4/169
f 104/134/55 350/814/698 754/398/699 259/710/523
f 350/814/698 169/205/52 255/705/517 754/398/699
f 754/398/699 255/705/517 168/204/516 349/813/696
f 259/710/523 754/398/699 349/813/696 112/146/520
f 170/206/54 416/454/53 755/399/700 351/815/701
f 416/454/53 169/205/52 350/814/698 755/399/700
f 755/399/700 350/814/698 104/134/55 421/460/58
f 351/815/701 755/399/700 421/460/58 10/16/63
f 171/207/123 447/489/122 756/400/702 352/816/703
f 447/489/122 170/206/54 351/815/701 756/400/702
f 756/400/702 351/815/701 10/16/63 458/501/137
f 352/816/703 756/400/702 458/501/137 18/32/141
f 94/119/28 353/817/704 757/401/705 242/689/492
f 353/817/704 172/208/16 251/700/508 757/401/705
f 757/401/705 251/700/508 171/207/123 352/816/703
f 242/689/492 757/401/705 352/816/703 18/32/141
f 173/209/18 400/436/17 758/402/706 354/818/707
f 400/436/17 172/208/16 353/817/704 758/402/706
f 758/402/706 353/817/704 94/119/28 409/446/31
f 354/818/707 758/402/706 409/446/31 19/34/36
f 15/26/91 355/819/708 759/403/709 460/504/144
f 355/819/708 174/210/100 449/491/124 759/403/709
f 759/403/709 449/491/124 173/209/18 354/818/707
f 460/504/144 759/403/709 354/818/707 19/34/36
f 90/113/99 356/820/710 760/404/711 437/478/94
f 356/820/710 175/211/104 438/479/101 760/404/711
f 760/404/711 438/479/101 174/210/100 355/819/708
f 437/478/94 760/404/711 355/819/708 15/26/91
f 176/212/478 233/678/477 761/405/712 357/821/713
f 233/678/477 175/211/104 356/820/710 761/405/712
f 761/405/712 356/820/710 90/113/99 231/676/470
f 357/821/713 761/405/712 231/676/470 6/7/472
f 189/225/714 358/822/715 762/406/716 360/824/717
f 358/822/715 190/226/718 359/823/719 762/406/716
f 762/406/716 359/823/719 178/214/221 550/596/326
f 360/824/717 762/406/716 550/596/326 177/213/325
f 179/215/223 496/542/222 763/407/720 362/826/721
f 496/542/222 178/214/221 359/823/719 763/407/720
f 763/407/720 359/823/719 190/226/718 361/825/722
f 362/826/721 763/407/720 361/825/722 191/227/723
f 180/216/597 336/800/674 764/408/724 364/828/725
f 336/800/674 179/215/223 362/826/721 764/408/724
f 764/408/724 362/826/721 191/227/723 363/827/726
f 364/828/725 764/408/724 363/827/726 192/228/727
f 192/228/727 365/829/728 765/409/729 364/828/725
f 365/829/728 193/229/730 366/830/731 765/409/729
f 765/409/729 366/830/731 181/217/417 298/753/598
f 364/828/725 765/409/729 298/753/598 180/216/597
f 182/218/230 203/646/418 766/410/732 368/832/733
f 203/646/418 181/217/417 366/830/731 766/410/732
f 766/410/732 366/830/731 193/229/730 367/831/734
f 368/832/733 766/410/732 367/831/734 194/230/735
f 183/219/232 500/546/231 767/411/736 370/834/737
f 500/546/231 182/218/230 368/832/733 767/411/736
f 767/411/736 368/832/733 194/230/735 369/833/738
f 370/834/737 767/411/736 369/833/738 195/231/739
f 195/231/739 371/835/740 768/412/741 370/834/737
f 371/835/740 196/232/742 372/836/743 768/412/741
f 768/412/741 372/836/743 184/220/237 341/805/681
f 370/834/737 768/412/741 341/805/681 183/219/232
f 185/221/239 504/550/238 769/413/744 374/838/745
f 504/550/238 184/220/237 372/836/743 769/413/744
f 769/413/744 372/836/743 196/232/742 373/837/746
f 374/838/745 769/413/744 373/837/746 197/233/747
f 186/222/241 547/593/322 770/414/748 376/840/749
f 547/593/322 185/221/239 374/838/745 770/414/748
f 770/414/748 374/838/745 197/233/747 375/839/750
f 376/840/749 770/414/748 375/839/750 198/234/751
f 198/234/751 377/841/752 771/415/753 376/840/749
f 377/841/752 199/235/754 378/842/755 771/415/753
f 771/415/753 378/842/755 187/223/245 506/552/242
f 376/840/749 771/415/753 506/552/242 186/222/241
f 188/224/402 587/638/401 772/416/756 380/844/757
f 587/638/401 187/223/245 378/842/755 772/416/756
f 772/416/756 378/842/755 199/235/754 379/843/758
f 380/844/757 772/416/756 379/843/758 200/236/759
f 177/213/325 294/749/592 773/417/760 360/824/717
f 294/749/592 188/224/402 380/844/757 773/417/760
f 773/417/760 380/844/757 200/236/759 381/845/761
f 360/824/717 773/417/760 381/845/761 189/225/714
f 29/49/336 554/600/335 774/418/762 383/847/763
f 554/600/335 59/79/190 382/846/764 774/418/762
f 774/418/762 382/846/764 190/226/718 358/822/715
f 383/847/763 774/418/762 358/822/715 189/225/714
f 191/227/723 361/825/722 775/419/765 384/848/766
f 361/825/722 190/226/718 382/846/764 775/419/765
f 775/419/765 382/846/764 59/79/190 484/530/193
f 384/848/766 775/419/765 484/530/193 156/192/195
f 192/228/727 363/827/726 776/420/767 385/849/768
f 363/827/726 191/227/723 384/848/766 776/420/767
f 776/420/767 384/848/766 156/192/195 335/799/671
f 385/849/768 776/420/767 335/799/671 30/50/608
f 30/50/608 302/757/607 777/421/769 385/849/768
f 302/757/607 133/169/419 386/850/770 777/421/769
f 777/421/769 386/850/770 193/229/730 365/829/728
f 385/849/768 777/421/769 365/829/728 192/228/727
f 194/230/735 367/831/734 778/422/771 387/851/772
f 367/831/734 193/229/730 386/850/770 778/422/771
f 778/422/771 386/850/770 133/169/419 207/650/422
f 387/851/772 778/422/771 207/650/422 78/98/196
f 195/231/739 369/833/738 779/423/773 388/852/774
f 369/833/738 194/230/735 387/851/772 779/423/773
f 779/423/773 387/851/772 78/98/196 487/533/199
f 388/852/774 779/423/773 487/533/199 31/51/201
f 31/51/201 342/806/685 780/424/775 388/852/774
f 342/806/685 161/197/268 389/853/776 780/424/775
f 780/424/775 389/853/776 196/232/742 371/835/740
f 388/852/774 780/424/775 371/835/740 195/231/739
f 197/233/747 373/837/746 781/425/777 390/854/778
f 373/837/746 196/232/742 389/853/776 781/425/777
f 781/425/777 389/853/776 161/197/268 517/563/267
f 390/854/778 781/425/777 517/563/267 56/76/266
f 198/234/751 375/839/750 782/426/779 391/855/780
f 375/839/750 197/233/747 390/854/778 782/426/779
f 782/426/779 390/854/778 56/76/266 546/592/318
f 391/855/780 782/426/779 546/592/318 32/52/216
f 32/52/216 493/539/215 783/427/781 391/855/780
f 493/539/215 74/94/214 392/856/782 783/427/781
f 783/427/781 392/856/782 199/235/754 377/841/752
f 391/855/780 783/427/781 377/841/752 198/234/751
f 200/236/759 379/843/758 784/428/783 393/857/784
f 379/843/758 199/235/754 392/856/782 784/428/783
f 784/428/783 392/856/782 74/94/214 586/637/396
f 393/857/784 784/428/783 586/637/396 129/165/398
f 189/225/714 381/845/761 785/429/785 383/847/763
f 381/845/761 200/236/759 393/857/784 785/429/785
f 785/429/785 393/857/784 129/165/398 293/748/589
f 383/847/763 785/429/785 293/748/589 29/49/336
g default
v 85.446078 99.152335 -145.742573
v 93.661474 99.152335 -145.742573
v 85.446078 107.365036 -145.742573
v 93.661474 107.365036 -145.742573
v 85.413011 107.398077 -150.101240
v 93.694626 107.398077 -150.101240
v 85.413011 99.119178 -150.101240
v 93.694626 99.119178 -150.101240
v 85.433611 107.377493 -147.234686
v 93.673973 107.377493 -147.234686
v 93.673972 99.139834 -147.234686
v 85.433612 99.139833 -147.234686
v 85.433611 99.139833 -147.502224
v 93.673973 99.139834 -147.502224
v 93.673972 107.377493 -147.502224
v 85.433612 107.377493 -147.502224
v 85.557212 107.253993 -147.271547
v 93.550055 107.253992 -147.271547
v 93.550054 107.253992 -147.475089
v 85.557212 107.253992 -147.475089
v 85.557212 99.263769 -147.475089
v 93.550055 99.263769 -147.475089
v 93.550054 99.263769 -147.271547
v 85.557212 99.263769 -147.271547
v 85.667282 99.569298 -145.726912
v 93.439701 99.569297 -145.726912
v 93.278051 106.946351 -145.726911
v 85.824956 106.946351 -145.726911
v 85.841466 100.916694 -145.739543
v 93.265071 100.916693 -145.739543
v 93.106123 104.979640 -145.734995
v 85.996542 104.979640 -145.734995
v 85.979196 101.272777 -146.008785
v 93.134209 101.272777 -146.008785
v 93.134209 104.508858 -146.008785
v 85.979196 104.508858 -146.008785
v 87.510610 106.527202 -145.732950
v 91.591678 106.527202 -145.732950
v 87.582866 105.417819 -145.732950
v 91.519169 105.417819 -145.732950
v 87.788928 106.347115 -145.764481
v 91.316218 106.347115 -145.764482
v 87.835242 105.597906 -145.764482
v 91.269612 105.597906 -145.764481
v 86.604247 107.435957 -150.101240
v 86.618917 107.415185 -147.502224
v 86.706910 107.290553 -147.475089
v 86.706910 107.290553 -147.271547
v 86.618913 107.415185 -147.234686
v 86.627789 107.402613 -145.742573
v 86.954239 107.137249 -145.726912
v 88.088962 106.712099 -145.732950
v 88.281665 106.478226 -145.769178
v 88.326704 105.466795 -145.769178
v 88.157741 105.232922 -145.732950
v 87.101989 104.830335 -145.739543
v 86.992572 104.514090 -146.016254
v 86.992572 101.269303 -146.016254
v 86.909286 100.905079 -145.739543
v 86.785276 99.548759 -145.726912
v 86.627789 99.129231 -145.742573
v 86.618917 99.116659 -147.234686
v 86.706910 99.241292 -147.271547
v 86.706910 99.241292 -147.475089
v 86.618913 99.116659 -147.502224
v 86.604247 99.095887 -150.101240
v 85.378483 106.189456 -150.101240
v 85.399255 106.174892 -147.502224
v 85.523888 106.087508 -147.475089
v 85.523888 106.087512 -147.271547
v 85.399255 106.174892 -147.234686
v 85.411825 106.166079 -145.742573
v 85.634877 105.804158 -145.726912
v 85.810514 104.442581 -145.739543
v 85.958419 104.040345 -146.016254
v 86.994900 104.034078 -146.025858
v 93.147810 104.040345 -146.016254
v 93.286505 104.442581 -145.739543
v 93.462143 105.804158 -145.726912
v 93.685194 106.166079 -145.742573
v 93.697765 106.174892 -147.234686
v 93.573132 106.087508 -147.271547
v 93.573132 106.087512 -147.475089
v 93.697765 106.174892 -147.502224
v 93.718537 106.189456 -150.101240
v 85.413011 99.119178 -147.922675
v 86.604247 99.095887 -147.922675
v 93.694626 99.119178 -147.922675
v 93.718537 106.189456 -147.922675
v 93.694625 107.398077 -147.922675
v 86.604252 107.435957 -147.922675
v 85.413012 107.398077 -147.922675
v 85.378483 106.189456 -147.922675
v 93.529402 107.233409 -147.403581
v 93.552360 106.072948 -147.403581
v 93.529401 99.284425 -147.403581
v 86.721575 99.262064 -147.403581
v 85.577812 99.284425 -147.403581
v 85.544660 106.072948 -147.403581
v 85.577812 107.233409 -147.403581
v 86.721576 107.269781 -147.403581
v 85.413011 107.398077 -146.978492
v 86.604247 107.435957 -146.978492
v 93.694626 107.398077 -146.978492
v 93.718537 106.189456 -146.978492
v 93.694625 99.119178 -146.978492
v 86.604252 99.095887 -146.978492
v 85.413011 99.119178 -146.978492
v 85.378482 106.189456 -146.978492
v 85.413011 107.398077 -145.995114
v 86.604247 107.435957 -145.995114
v 93.694626 107.398077 -145.995114
v 93.718537 106.189456 -145.995114
v 93.694625 99.119178 -145.995114
v 86.604247 99.095887 -145.995114
v 85.413011 99.119178 -145.995114
v 85.378483 106.189456 -145.995114
v 85.378483 100.240258 -150.101240
v 85.378483 100.240258 -147.922675
v 85.399255 100.255329 -147.502224
v 85.523888 100.345751 -147.475089
v 85.544660 100.360822 -147.403581
v 85.523888 100.345752 -147.271547
v 85.399255 100.255329 -147.234686
v 85.378483 100.240258 -146.978492
v 85.378483 100.240258 -145.995114
v 85.411825 100.264452 -145.742573
v 85.634877 100.557914 -145.726912
v 85.810514 101.475766 -145.739543
v 85.958419 101.708717 -146.016254
v 86.994900 101.711655 -146.025858
v 93.147810 101.708717 -146.016254
v 93.286505 101.475766 -145.739543
v 93.462143 100.557914 -145.726912
v 93.685194 100.264452 -145.742573
v 93.718537 100.240258 -145.995114
v 93.718537 100.240258 -146.978492
v 93.697765 100.255329 -147.234686
v 93.573132 100.345751 -147.271547
v 93.552360 100.360822 -147.403581
v 93.573132 100.345752 -147.475089
v 93.697765 100.255329 -147.502224
v 93.718537 100.240258 -147.922675
v 93.718537 100.240258 -150.101240
v 92.567093 99.095887 -150.101240
v 92.567093 99.095887 -147.922675
v 92.552057 99.116659 -147.502224
v 92.461835 99.241292 -147.475089
v 92.446794 99.262064 -147.403581
v 92.461830 99.241292 -147.271547
v 92.552051 99.116659 -147.234686
v 92.567088 99.095887 -146.978492
v 92.567088 99.095887 -145.995114
v 92.542955 99.129231 -145.742573
v 92.381489 99.548759 -145.726912
v 92.254349 100.905079 -145.739543
v 92.168965 101.269303 -146.016254
v 92.166579 101.711655 -146.025858
v 92.166579 104.034078 -146.025858
v 92.168965 104.514090 -146.016254
v 92.056782 104.830335 -145.739543
v 90.974382 105.232922 -145.732950
v 90.801156 105.466795 -145.769178
v 90.847333 106.478226 -145.769178
v 91.044900 106.712099 -145.732950
v 92.208262 107.137249 -145.726912
v 92.542956 107.402613 -145.742573
v 92.567093 107.435957 -145.995114
v 92.567093 107.435957 -146.978492
v 92.552057 107.415185 -147.234686
v 92.461836 107.290553 -147.271547
v 92.446798 107.269781 -147.403581
v 92.461831 107.290553 -147.475089
v 92.552051 107.415185 -147.502224
v 92.567089 107.435957 -147.922675
v 92.567093 107.435957 -150.101240
v 85.933685 101.233942 -145.943499
v 86.974941 101.224541 -145.943499
v 92.187039 101.224541 -145.943499
v 93.172615 101.233942 -145.943499
v 93.193517 101.686460 -145.943499
v 93.193517 104.087822 -145.943499
v 93.172615 104.575670 -145.943499
v 92.187039 104.590960 -145.943499
v 86.974941 104.590960 -145.943499
v 85.933685 104.575670 -145.943499
v 85.903503 104.087822 -145.943499
v 85.903503 101.686460 -145.943499
v 85.895217 101.178950 -145.830466
v 86.947555 101.169125 -145.830466
v 92.215118 101.169125 -145.830466
v 93.211181 101.178950 -145.830466
v 93.232305 101.651880 -145.830466
v 93.232305 104.161584 -145.830466
v 93.211182 104.671450 -145.830466
v 92.215119 104.687430 -145.830466
v 86.947555 104.687430 -145.830466
v 85.895217 104.671450 -145.830466
v 85.864715 104.161584 -145.830466
v 85.864715 101.651880 -145.830466
v 89.585344 101.711655 -146.025858
v 93.178436 101.699903 -145.987443
v 93.193517 102.884197 -145.943499
v 93.147810 102.871672 -146.016254
v 93.359821 101.027004 -145.726912
v 93.462143 103.174603 -145.726912
v 93.286505 102.955535 -145.739543
v 93.585165 100.337033 -145.726912
v 93.685194 103.208029 -145.742573
v 93.718537 103.207562 -146.978492
v 93.718537 100.240258 -147.185876
v 93.697765 103.207851 -147.234686
v 93.635449 100.300540 -147.250956
v 93.573132 103.209588 -147.271547
v 93.552360 103.209880 -147.403581
v 93.552360 100.360822 -147.449631
v 93.573132 103.209591 -147.475089
v 93.635449 100.300540 -147.483576
v 93.697765 103.207852 -147.502224
v 93.718537 100.240258 -147.558170
v 93.718537 103.207562 -147.922675
v 85.516595 99.095887 -150.101240
v 86.604247 99.095887 -148.867002
v 85.413011 99.119178 -148.867002
v 92.567093 99.095887 -148.867002
v 89.590979 99.095887 -150.101240
v 93.718537 106.189456 -148.867002
v 93.718537 100.240258 -148.867002
v 93.718537 103.207562 -150.101240
v 93.718537 107.284435 -150.101240
v 93.694626 107.398077 -148.867002
v 86.604250 107.435957 -148.867002
v 92.567091 107.435957 -148.867002
v 89.590979 107.435957 -150.101240
v 85.516595 107.435957 -150.101240
v 85.413011 107.398077 -148.867002
v 85.378483 106.189456 -148.867002
v 85.378483 107.284435 -150.101240
v 85.378483 100.240258 -148.867002
v 85.378483 103.207562 -150.101240
v 93.552360 106.072946 -147.333321
v 93.529402 107.233409 -147.333321
v 93.552360 100.360822 -147.333321
v 86.721575 99.262064 -147.333321
v 92.446793 99.262064 -147.333321
v 85.577812 99.284425 -147.333321
v 85.544660 106.072949 -147.333321
v 85.544660 100.360822 -147.333321
v 85.577812 107.233409 -147.333321
v 86.721576 107.269781 -147.333321
v 92.446799 107.269781 -147.333321
v 85.516595 107.435957 -145.995114
v 86.604247 107.435957 -146.486498
v 85.413011 107.398077 -146.486498
v 92.567093 107.435957 -146.486498
v 89.590979 107.435957 -145.995114
v 93.718537 107.284435 -145.995114
v 93.718537 106.189456 -146.486498
v 93.694626 107.398077 -146.486498
v 93.718537 103.207562 -145.995114
v 93.718537 100.240258 -146.486498
v 92.567088 99.095887 -146.486498
v 89.590976 99.095887 -145.995114
v 86.604249 99.095887 -146.486498
v 85.516595 99.095887 -145.995114
v 85.413011 99.119178 -146.486498
v 85.378483 100.240258 -146.486498
v 85.378483 103.207562 -145.995114
v 85.378483 106.189456 -146.486498
v 85.378483 107.284435 -145.995114
v 86.604247 107.435957 -145.789556
v 85.413011 107.398077 -145.789556
v 92.567093 107.435957 -145.789556
v 93.718537 106.189456 -145.789556
v 93.694626 107.398077 -145.789556
v 93.718537 100.240258 -145.789556
v 86.604247 99.095887 -145.789556
v 92.567090 99.095887 -145.789556
v 85.413011 99.119178 -145.789556
v 85.378483 106.189456 -145.789556
v 85.378483 100.240258 -145.789556
v 85.378483 99.189049 -147.922675
v 85.378483 99.189049 -150.101240
v 85.399255 99.209356 -147.502224
v 85.523888 99.331200 -147.475089
v 85.544660 99.351508 -147.403581
v 85.523888 99.331200 -147.271547
v 85.399255 99.209356 -147.234686
v 85.378483 99.189049 -146.978492
v 85.378483 99.189049 -145.995114
v 85.411826 99.221648 -145.742573
v 85.634877 99.630914 -145.726912
v 85.810514 100.951537 -145.739543
v 85.903503 101.262145 -145.943499
v 85.958419 101.296724 -146.016254
v 86.994900 101.301288 -146.025858
v 92.166579 101.301288 -146.025858
v 93.193517 101.262145 -145.943499
v 93.147810 101.296724 -146.016254
v 93.157621 101.255322 -145.987443
v 93.462143 99.630914 -145.726912
v 93.286505 100.951537 -145.739543
v 93.337965 100.256501 -145.726912
v 93.685194 99.221648 -145.742573
v 93.562018 99.251809 -145.726912
v 93.694626 99.119178 -145.789556
v 93.718537 99.189049 -145.995114
v 93.694625 99.119178 -146.486498
v 93.718537 99.189049 -146.978492
v 93.694625 99.119178 -147.185876
v 93.697765 99.209356 -147.234686
v 93.612013 99.201801 -147.250956
v 93.573132 99.331200 -147.271547
v 93.552360 99.351508 -147.403581
v 93.529401 99.284425 -147.333321
v 93.529401 99.284425 -147.449631
v 93.573132 99.331200 -147.475089
v 93.697765 99.209356 -147.502224
v 93.612014 99.201801 -147.483576
v 93.718537 99.189049 -147.922675
v 93.694626 99.119178 -147.558170
v 93.694626 99.119178 -148.867002
v 93.718537 99.189049 -150.101240
v 93.622894 99.095887 -147.922675
v 93.622894 99.095887 -150.101240
v 93.602598 99.116659 -147.502224
v 93.480822 99.241292 -147.475089
v 93.460523 99.262064 -147.403581
v 93.480819 99.241292 -147.271547
v 93.602594 99.116659 -147.234686
v 93.622890 99.095887 -146.978492
v 93.622890 99.095887 -145.995114
v 93.590314 99.129231 -145.742573
v 93.372376 99.548759 -145.726912
v 93.200766 100.905079 -145.739543
v 93.109912 101.224541 -145.943499
v 93.085516 101.269303 -146.016254
v 93.082296 101.711655 -146.025858
v 93.082296 104.034078 -146.025858
v 93.085516 104.514090 -146.016254
v 93.109912 104.590960 -145.943499
v 92.934096 104.830335 -145.739543
v 91.473107 105.232922 -145.732950
v 91.239291 105.466795 -145.769178
v 91.301622 106.478226 -145.769178
v 91.568292 106.712099 -145.732950
v 93.138560 107.137249 -145.726912
v 93.590315 107.402613 -145.742573
v 93.622894 107.435957 -145.995114
v 93.622894 107.435957 -146.978492
v 93.602598 107.415185 -147.234686
v 93.480823 107.290553 -147.271547
v 93.460526 107.269781 -147.403581
v 93.480819 107.290553 -147.475089
v 93.602594 107.415185 -147.502224
v 93.622890 107.435957 -147.922675
v 93.622894 107.435957 -150.101240
v 85.986724 101.169125 -145.830466
v 86.961615 101.197576 -145.888496
v 85.914967 101.207183 -145.888496
v 89.586026 101.169125 -145.830466
v 92.200703 101.197576 -145.888496
v 93.147812 101.169125 -145.830466
v 93.191382 101.207183 -145.888496
v 93.232305 101.208424 -145.830466
v 93.212391 101.669633 -145.888496
v 93.232305 102.903654 -145.830466
v 93.212391 104.123715 -145.888496
v 93.232305 104.623508 -145.830466
v 93.191382 104.622276 -145.888496
v 93.147812 104.687430 -145.830466
v 92.200703 104.637902 -145.888496
v 89.586026 104.687430 -145.830466
v 86.961615 104.637902 -145.888496
v 85.986724 104.687430 -145.830466
v 85.914967 104.622276 -145.888496
v 85.864715 104.623508 -145.830466
v 85.884629 104.123715 -145.888496
v 85.864715 102.903654 -145.830466
v 85.884629 101.669633 -145.888496
v 85.864715 101.208424 -145.830466
v 86.934704 101.143125 -145.777438
v 85.877168 101.153148 -145.777438
v 92.228292 101.143125 -145.777438
v 93.229277 101.153148 -145.777438
v 93.250505 101.635658 -145.777438
v 93.250505 104.196190 -145.777438
v 93.229277 104.716385 -145.777438
v 92.228292 104.732690 -145.777438
v 86.934704 104.732690 -145.777438
v 85.877168 104.716385 -145.777438
v 85.846515 104.196190 -145.777438
v 85.846515 101.635658 -145.777438
v 86.994900 104.461532 -146.025858
v 89.585344 104.034078 -146.025858
v 92.166579 104.461532 -146.025858
v 89.585377 104.514090 -146.016254
v 86.721576 107.269781 -147.449631
v 89.589284 107.269781 -147.403581
v 92.446796 107.269781 -147.449631
v 89.589493 107.290553 -147.475089
v 92.446796 99.262064 -147.449631
v 89.589281 99.262064 -147.403581
v 86.721576 99.262064 -147.449631
v 89.589496 99.241292 -147.475089
v 93.552360 107.124295 -147.403581
v 93.552360 106.072949 -147.449631
v 93.573132 107.144313 -147.475089
v 93.529401 107.233409 -147.449631
v 85.523888 107.144310 -147.475089
v 85.544660 106.072946 -147.449631
v 85.544660 107.124295 -147.403581
v 85.577812 107.233409 -147.449631
v 86.604247 107.435957 -147.185876
v 89.590979 107.435957 -146.978492
v 92.567093 107.435957 -147.185876
v 89.590767 107.415185 -147.234686
v 93.718537 107.284435 -146.978492
v 93.718537 106.189456 -147.185876
v 93.697765 107.264417 -147.234686
v 93.694626 107.398077 -147.185876
v 92.567088 99.095887 -147.185876
v 89.590978 99.095887 -146.978492
v 86.604252 99.095887 -147.185876
v 89.590766 99.116659 -147.234686
v 85.399255 107.264418 -147.234686
v 85.378483 106.189456 -147.185876
v 85.378483 107.284435 -146.978492
v 85.413011 107.398077 -147.185876
v 86.604247 99.095887 -147.558170
v 89.590979 99.095887 -147.922675
v 92.567093 99.095887 -147.558170
v 89.590767 99.116659 -147.502224
v 93.697765 107.264418 -147.502224
v 93.718537 106.189456 -147.558170
v 93.718537 107.284435 -147.922675
v 93.694625 107.398077 -147.558170
v 92.567088 107.435957 -147.558170
v 89.590979 107.435957 -147.922675
v 86.604252 107.435957 -147.558170
v 89.590766 107.415185 -147.502224
v 85.378483 107.284435 -147.922675
v 85.378483 106.189456 -147.558170
v 85.399255 107.264417 -147.502224
v 85.413012 107.398077 -147.558170
v 86.662912 107.352869 -147.250956
v 92.506946 107.352869 -147.250956
v 89.589496 107.290553 -147.271547
v 92.506941 107.352869 -147.483576
v 86.662914 107.352869 -147.483576
v 86.662912 99.178976 -147.483576
v 92.506946 99.178976 -147.483576
v 92.506941 99.178976 -147.250956
v 86.662914 99.178976 -147.250956
v 89.589493 99.241292 -147.271547
v 93.635449 106.131199 -147.250956
v 93.573132 107.144310 -147.271547
v 93.612014 107.315743 -147.250956
v 93.635449 106.131202 -147.483576
v 93.612013 107.315743 -147.483576
v 85.461571 106.131199 -147.483576
v 85.495412 107.315743 -147.483576
v 85.461571 106.131202 -147.250956
v 85.495411 107.315743 -147.250956
v 85.523888 107.144313 -147.271547
v 86.698415 99.229263 -145.726912
v 89.590638 99.129231 -145.742573
v 92.470545 99.229263 -145.726912
v 89.588364 99.548759 -145.726912
v 93.585165 106.095948 -145.726912
v 93.685194 107.252303 -145.742573
v 93.562018 107.265913 -145.726912
v 93.462143 106.769756 -145.726912
v 92.470545 107.302582 -145.726912
v 89.590639 107.402613 -145.742573
v 86.698415 107.302582 -145.726912
v 89.585928 107.137249 -145.726912
v 85.411826 107.252303 -145.742573
v 85.511855 106.095948 -145.726912
v 85.634877 106.769756 -145.726912
v 85.545279 107.265913 -145.726912
v 86.857522 100.240494 -145.726912
v 92.307420 100.240494 -145.726912
v 89.586576 100.905079 -145.739543
v 93.359821 105.115803 -145.726912
v 93.103703 105.946475 -145.726912
v 93.286505 104.988641 -145.739543
v 90.824244 105.972510 -145.775216
v 89.566783 106.478226 -145.769178
v 88.304184 105.972510 -145.775216
v 89.566132 105.466795 -145.769178
v 85.737199 105.115803 -145.726912
v 85.810514 104.988641 -145.739543
v 85.993317 105.946475 -145.726912
v 86.985590 101.246085 -145.987443
v 89.585630 101.224541 -145.943499
v 92.176122 101.246085 -145.987443
v 89.585377 101.269303 -146.016254
v 93.178436 104.059146 -145.987443
v 93.193517 104.529802 -145.943499
v 93.157621 104.538439 -145.987443
v 93.147810 104.469493 -146.016254
v 92.176122 104.553461 -145.987443
v 89.585630 104.590960 -145.943499
v 86.985590 104.553461 -145.987443
v 85.903503 104.529802 -145.943499
v 85.918583 104.059146 -145.987443
v 85.958419 104.469493 -146.016254
v 85.948640 104.538439 -145.987443
v 91.614513 106.908002 -145.726912
v 87.533371 106.908002 -145.726912
v 89.569562 106.712099 -145.732950
v 86.834627 105.270892 -145.726912
v 87.530025 105.972510 -145.732950
v 86.734865 106.674129 -145.726912
v 87.628335 105.037019 -145.726912
v 89.583797 104.830335 -145.739543
v 91.517151 105.037019 -145.726912
v 89.568569 105.232922 -145.732950
v 92.369424 106.674129 -145.726912
v 91.566999 105.972510 -145.732950
v 92.269317 105.270892 -145.726912
v 90.855029 106.646798 -145.751064
v 88.274158 106.646798 -145.751064
v 87.832279 105.466795 -145.751064
v 87.800735 105.972510 -145.769178
v 87.769191 106.478226 -145.751064
v 88.334210 105.298223 -145.751064
v 90.793460 105.298223 -145.751064
v 91.332430 106.478226 -145.751064
v 91.300775 105.972510 -145.769178
v 91.269120 105.466795 -145.751064
v 85.536683 107.415185 -147.502224
v 85.516598 107.435957 -147.922675
v 85.657184 107.290553 -147.475089
v 85.677268 107.269781 -147.403581
v 85.536679 107.415185 -147.234686
v 85.657184 107.290553 -147.271547
v 85.516595 107.435957 -146.978492
v 85.548834 107.402613 -145.742573
v 85.995878 107.137249 -145.726912
v 87.549783 106.712099 -145.732950
v 87.813674 106.478226 -145.769178
v 87.875352 105.466795 -145.769178
v 87.643973 105.232922 -145.732950
v 86.198210 104.830335 -145.739543
v 86.024228 104.590960 -145.943499
v 86.048371 104.514090 -146.016254
v 86.051558 104.034078 -146.025858
v 86.024228 101.224541 -145.943499
v 86.048371 101.269303 -146.016254
v 85.948640 101.255322 -145.987443
v 85.764499 99.548759 -145.726912
v 85.934319 100.905079 -145.739543
v 85.768757 100.256501 -145.726912
v 85.548834 99.129231 -145.742573
v 85.545279 99.251809 -145.726912
v 85.536683 99.116659 -147.234686
v 85.516598 99.095887 -146.978492
v 85.413012 99.119178 -147.185876
v 85.495412 99.201801 -147.250956
v 85.657184 99.241292 -147.271547
v 85.657184 99.241292 -147.475089
v 85.677268 99.262064 -147.403581
v 85.577812 99.284425 -147.449631
v 85.536679 99.116659 -147.502224
v 85.495411 99.201801 -147.483576
v 85.516595 99.095887 -147.922675
v 85.413011 99.119178 -147.558170
v 85.378483 103.207562 -147.922675
v 85.378483 100.240258 -147.558170
v 85.399255 103.207851 -147.502224
v 85.461571 100.300540 -147.483576
v 85.523888 103.209588 -147.475089
v 85.544660 100.360822 -147.449631
v 85.544660 103.209880 -147.403581
v 85.461571 100.300540 -147.250956
v 85.399255 103.207852 -147.234686
v 85.523888 103.209591 -147.271547
v 85.378483 100.240258 -147.185876
v 85.378483 103.207562 -146.978492
v 85.411826 103.208029 -145.742573
v 85.511855 100.337033 -145.726912
v 85.634877 103.174603 -145.726912
v 85.737199 101.027004 -145.726912
v 85.810514 102.955535 -145.739543
v 85.903503 102.884197 -145.943499
v 85.918583 101.699903 -145.987443
v 85.958419 102.871672 -146.016254
v 86.051558 101.711655 -146.025858
v 86.994900 102.870018 -146.025858
v 92.166579 102.870018 -146.025858
v 89.585344 104.461532 -146.025858
v 89.589283 107.269781 -147.449631
v 89.589283 99.262064 -147.449631
v 93.552360 107.124295 -147.449631
v 85.544660 107.124293 -147.449631
v 89.590979 107.435957 -147.185876
v 93.718537 107.284435 -147.185876
v 89.590979 99.095887 -147.185876
v 85.378483 107.284435 -147.185876
v 89.590979 99.095887 -147.558170
v 93.718537 107.284435 -147.558170
v 89.590979 107.435957 -147.558170
v 85.378483 107.284435 -147.558170
v 89.590132 107.352869 -147.250956
v 89.590130 107.352869 -147.483576
v 89.590132 99.178976 -147.483576
v 89.590130 99.178976 -147.250956
v 93.635449 107.204363 -147.250956
v 93.635449 107.204365 -147.483576
v 85.461571 107.204363 -147.483576
v 85.461571 107.204365 -147.250956
v 89.589619 99.229263 -145.726912
v 93.585165 107.155905 -145.726912
v 89.589619 107.302582 -145.726912
v 85.511855 107.155905 -145.726912
v 89.587322 100.240494 -145.726912
v 93.359821 105.868368 -145.726912
v 89.566457 105.972510 -145.775216
v 85.737199 105.868368 -145.726912
v 89.585477 101.246085 -145.987443
v 93.178436 104.493375 -145.987443
v 89.585477 104.553461 -145.987443
v 85.918583 104.493375 -145.987443
v 89.577575 106.908002 -145.726912
v 86.761671 105.972510 -145.726912
v 89.576205 105.037019 -145.726912
v 92.335351 105.972510 -145.726912
v 89.566891 106.646798 -145.751064
v 87.786143 105.972510 -145.751064
v 89.566024 105.298223 -145.751064
v 91.310881 105.972510 -145.751064
v 85.516599 107.435957 -147.558170
v 85.596933 107.352869 -147.483576
v 85.677268 107.269781 -147.449631
v 85.596931 107.352869 -147.250956
v 85.516595 107.435957 -147.185876
v 85.645550 107.302582 -145.726912
v 86.788950 106.908002 -145.726912
v 87.803394 106.646798 -145.751064
v 87.844513 105.972510 -145.775216
v 87.885632 105.298223 -145.751064
v 86.918995 105.037019 -145.726912
v 86.038810 104.553461 -145.987443
v 86.051558 104.461532 -146.025858
v 86.038810 101.246085 -145.987443
v 85.863432 100.240494 -145.726912
v 85.645550 99.229263 -145.726912
v 85.516599 99.095887 -147.185876
v 85.596933 99.178976 -147.250956
v 85.677268 99.262064 -147.449631
v 85.596931 99.178976 -147.483576
v 85.516595 99.095887 -147.558170
v 85.378483 103.207562 -147.558170
v 85.461571 103.208719 -147.483576
v 85.544660 103.209878 -147.449631
v 85.461571 103.208721 -147.250956
v 85.378483 103.207562 -147.185876
v 85.511855 103.209429 -145.726912
v 85.737199 103.066390 -145.726912
v 85.918583 102.876632 -145.987443
v 86.051558 102.870018 -146.025858
v 89.585344 102.870018 -146.025858
v 93.178436 102.876632 -145.987443
v 93.359821 103.066390 -145.726912
v 93.585165 103.209429 -145.726912
v 93.718537 103.207562 -147.185876
v 93.635449 103.208719 -147.250956
v 93.552360 103.209880 -147.449631
v 93.635449 103.208721 -147.483576
v 93.718537 103.207562 -147.558170
v 85.516595 99.095887 -148.867002
v 89.590979 99.095887 -148.867002
v 93.718537 103.207562 -148.867002
v 93.718537 107.284435 -148.867002
v 89.590979 107.435957 -148.867002
v 85.516597 107.435957 -148.867002
v 85.378483 107.284435 -148.867002
v 85.378483 103.207562 -148.867002
v 93.552360 107.124293 -147.333321
v 93.552360 103.209878 -147.333321
v 89.589281 99.262064 -147.333321
v 85.677268 99.262064 -147.333321
v 85.544660 103.209880 -147.333321
v 85.544660 107.124295 -147.333321
v 85.677268 107.269781 -147.333321
v 89.589285 107.269781 -147.333321
v 85.516595 107.435957 -146.486498
v 89.590979 107.435957 -146.486498
v 93.718537 107.284435 -146.486498
v 93.718537 103.207562 -146.486498
v 89.590977 99.095887 -146.486498
v 85.516597 99.095887 -146.486498
v 85.378483 103.207562 -146.486498
v 85.378483 107.284435 -146.486498
v 85.516595 107.435957 -145.789556
v 89.590979 107.435957 -145.789556
v 93.718537 107.284435 -145.789556
v 93.718537 103.207562 -145.789556
v 89.590977 99.095887 -145.789556
v 85.516595 99.095887 -145.789556
v 85.378483 103.207562 -145.789556
v 85.378483 107.284435 -145.789556
v 85.378483 99.189049 -148.867002
v 85.378483 99.189049 -147.558170
v 85.461571 99.270278 -147.483576
v 85.544660 99.351508 -147.449631
v 85.544660 99.351508 -147.333321
v 85.461571 99.270278 -147.250956
v 85.378483 99.189049 -147.185876
v 85.378483 99.189049 -146.486498
v 85.378483 99.189049 -145.789556
v 85.511855 99.319446 -145.726912
v 85.737199 100.304523 -145.726912
v 85.918583 101.283030 -145.987443
v 86.051558 101.301288 -146.025858
v 89.585344 101.301288 -146.025858
v 93.178436 101.283030 -145.987443
v 93.359821 100.304523 -145.726912
v 93.585165 99.319446 -145.726912
v 93.718537 99.189049 -145.789556
v 93.718537 99.189049 -146.486498
v 93.718537 99.189049 -147.185876
v 93.635449 99.270278 -147.250956
v 93.552360 99.351508 -147.333321
v 93.552360 99.351508 -147.449631
v 93.635449 99.270278 -147.483576
v 93.718537 99.189049 -147.558170
v 93.718537 99.189049 -148.867002
v 93.622894 99.095887 -148.867002
v 93.622894 99.095887 -147.558170
v 93.541710 99.178976 -147.483576
v 93.460525 99.262064 -147.449631
v 93.460523 99.262064 -147.333321
v 93.541706 99.178976 -147.250956
v 93.622890 99.095887 -147.185876
v 93.622890 99.095887 -146.486498
v 93.622892 99.095887 -145.789556
v 93.492578 99.229263 -145.726912
v 93.272400 100.240494 -145.726912
v 93.095177 101.246085 -145.987443
v 93.082296 101.301288 -146.025858
v 93.082296 102.870018 -146.025858
v 93.082296 104.461532 -146.025858
v 93.095177 104.553461 -145.987443
v 92.205719 105.037019 -145.726912
v 91.228902 105.298223 -145.751064
v 91.270456 105.972510 -145.775216
v 91.312011 106.646798 -145.751064
v 92.337137 106.908002 -145.726912
v 93.492578 107.302582 -145.726912
v 93.622894 107.435957 -145.789556
v 93.622894 107.435957 -146.486498
v 93.622894 107.435957 -147.185876
v 93.541710 107.352869 -147.250956
v 93.460527 107.269781 -147.333321
v 93.460525 107.269781 -147.449631
v 93.541706 107.352869 -147.483576
v 93.622890 107.435957 -147.558170
v 93.622892 107.435957 -148.867002
v 86.005979 101.197576 -145.888496
v 89.585823 101.197576 -145.888496
v 93.128354 101.197576 -145.888496
v 93.212391 101.236004 -145.888496
v 93.212391 102.893665 -145.888496
v 93.212391 104.575399 -145.888496
v 93.128354 104.637902 -145.888496
v 89.585823 104.637902 -145.888496
v 86.005979 104.637902 -145.888496
v 85.884629 104.575399 -145.888496
v 85.884629 102.893665 -145.888496
v 85.884629 101.236004 -145.888496
v 85.969127 101.143125 -145.777438
v 89.586211 101.143125 -145.777438
v 93.165593 101.143125 -145.777438
v 93.250505 101.183219 -145.777438
v 93.250505 102.912784 -145.777438
v 93.250505 104.667472 -145.777438
v 93.165593 104.732690 -145.777438
v 89.586211 104.732690 -145.777438
v 85.969127 104.732690 -145.777438
v 85.846515 104.667472 -145.777438
v 85.846515 102.912784 -145.777438
v 85.846515 101.183219 -145.777438
vt 0.356570 0.356766
vt 0.632078 0.360009
vt 0.354896 0.639766
vt 0.628479 0.642286
vt 0.000512 0.630100
vt 0.349269 0.993340
vt 0.614770 1.000000
vt 0.983289 0.640884
vt 0.370187 0.000000
vt -0.000000 0.364477
vt 0.987716 0.375211
vt 0.635382 0.005046
vt 0.235265 0.634510
vt 0.354942 0.758328
vt 0.747235 0.638480
vt 0.624445 0.763886
vt 0.752889 0.366614
vt 0.631499 0.240827
vt 0.361514 0.235176
vt 0.236344 0.362100
vt 0.362647 0.205480
vt 0.207123 0.362742
vt 0.782479 0.367964
vt 0.631797 0.211803
vt 0.776419 0.638526
vt 0.623577 0.794077
vt 0.205784 0.633660
vt 0.354443 0.787207
vt 0.229982 0.629300
vt 0.359957 0.763710
vt 0.752523 0.633438
vt 0.619248 0.769272
vt 0.770968 0.633534
vt 0.618769 0.788239
vt 0.211342 0.628762
vt 0.359639 0.781908
vt 0.367498 0.211248
vt 0.212645 0.367815
vt 0.776795 0.372939
vt 0.626641 0.217114
vt 0.758200 0.372093
vt 0.626410 0.235450
vt 0.366886 0.229964
vt 0.231041 0.367543
vt 0.366130 0.372613
vt 0.622711 0.375754
vt 0.613597 0.626279
vt 0.369759 0.623716
vt 0.371900 0.418904
vt 0.616053 0.421797
vt 0.608886 0.559160
vt 0.375793 0.556484
vt 0.387260 0.438678
vt 0.600727 0.442074
vt 0.599412 0.534800
vt 0.385911 0.532229
vt 0.426389 0.611160
vt 0.556060 0.612909
vt 0.428996 0.574131
vt 0.554635 0.575898
vt 0.437031 0.604662
vt 0.545573 0.606131
vt 0.438729 0.581400
vt 0.544774 0.582953
vt 0.358107 0.993552
vt 0.394423 0.788701
vt 0.397287 0.782683
vt 0.397565 0.765476
vt 0.394923 0.758589
vt 0.395995 0.640149
vt 0.406960 0.630700
vt 0.444863 0.617662
vt 0.452017 0.608483
vt 0.453814 0.577893
vt 0.447642 0.568352
vt 0.413125 0.553657
vt 0.415316 0.532679
vt 0.416806 0.439097
vt 0.408065 0.414781
vt 0.403268 0.371215
vt 0.397930 0.356545
vt 0.401551 0.236715
vt 0.404584 0.229834
vt 0.405123 0.212317
vt 0.402637 0.206067
vt 0.379010 0.000511
vt 0.000859 0.620412
vt 0.205597 0.592804
vt 0.211772 0.590262
vt 0.229231 0.590675
vt 0.236134 0.593496
vt 0.355168 0.596896
vt 0.363582 0.584716
vt 0.369699 0.537672
vt 0.386032 0.518844
vt 0.416203 0.518726
vt 0.599523 0.521532
vt 0.615269 0.540516
vt 0.620474 0.587299
vt 0.628676 0.599344
vt 0.747337 0.597572
vt 0.754255 0.594903
vt 0.771596 0.595057
vt 0.777663 0.597709
vt 0.983379 0.631188
vt 0.363214 0.193847
vt 0.195626 0.363187
vt 0.403406 0.172275
vt 0.794077 0.368609
vt 0.631857 0.200303
vt 0.811512 0.598469
vt 0.787877 0.638323
vt 0.622943 0.805710
vt 0.393206 0.822426
vt 0.194102 0.633410
vt 0.354464 0.798650
vt 0.171840 0.592780
vt 0.765578 0.633469
vt 0.618862 0.782653
vt 0.765314 0.594546
vt 0.771387 0.372702
vt 0.626571 0.222447
vt 0.405397 0.218682
vt 0.367368 0.216700
vt 0.217984 0.367743
vt 0.218106 0.589948
vt 0.216759 0.628869
vt 0.359775 0.776598
vt 0.397848 0.776451
vt 0.245345 0.634698
vt 0.355069 0.748351
vt 0.394685 0.737897
vt 0.737234 0.638617
vt 0.624729 0.753821
vt 0.726593 0.598313
vt 0.742695 0.366280
vt 0.631421 0.250854
vt 0.400433 0.257647
vt 0.361227 0.245391
vt 0.246433 0.361910
vt 0.256955 0.594481
vt 0.355230 0.649603
vt 0.344659 0.639195
vt 0.395166 0.660938
vt 0.638476 0.641739
vt 0.628473 0.652900
vt 0.649571 0.599848
vt 0.641926 0.360958
vt 0.631899 0.350326
vt 0.397645 0.335391
vt 0.356960 0.345708
vt 0.346697 0.357682
vt 0.334200 0.597085
vt 0.000076 0.370443
vt 0.172651 0.400270
vt 0.206516 0.400384
vt 0.212636 0.403148
vt 0.218923 0.403523
vt 0.229973 0.402975
vt 0.236857 0.399898
vt 0.257737 0.398889
vt 0.335541 0.396484
vt 0.356557 0.396671
vt 0.364810 0.406639
vt 0.370370 0.438543
vt 0.386960 0.451266
vt 0.417133 0.452143
vt 0.600525 0.454571
vt 0.616793 0.441325
vt 0.623035 0.409461
vt 0.631480 0.399482
vt 0.652545 0.399746
vt 0.730564 0.403087
vt 0.751523 0.404350
vt 0.758388 0.407507
vt 0.769501 0.408403
vt 0.775839 0.408237
vt 0.782077 0.405563
vt 0.815820 0.406274
vt 0.987404 0.381167
vt 0.629260 0.004968
vt 0.595263 0.176637
vt 0.594189 0.210442
vt 0.591304 0.216483
vt 0.590792 0.222740
vt 0.591069 0.233758
vt 0.593798 0.240664
vt 0.594162 0.261437
vt 0.594045 0.338746
vt 0.593172 0.359606
vt 0.587614 0.374069
vt 0.582201 0.417501
vt 0.572406 0.441603
vt 0.571689 0.454524
vt 0.570616 0.520639
vt 0.571079 0.534511
vt 0.573462 0.555154
vt 0.537257 0.569539
vt 0.530497 0.578979
vt 0.531096 0.609538
vt 0.538357 0.618884
vt 0.578269 0.632615
vt 0.589862 0.642359
vt 0.590405 0.663568
vt 0.587913 0.741677
vt 0.586824 0.762682
vt 0.583847 0.769601
vt 0.583129 0.780809
vt 0.583381 0.787210
vt 0.585947 0.793497
vt 0.584998 0.827355
vt 0.608661 0.999609
vt 0.383795 0.435790
vt 0.414946 0.434266
vt 0.574575 0.436891
vt 0.604033 0.439052
vt 0.604884 0.452593
vt 0.603887 0.524197
vt 0.602587 0.538527
vt 0.573109 0.539685
vt 0.413287 0.537867
vt 0.382475 0.535869
vt 0.381383 0.521409
vt 0.382324 0.449429
vt 0.378073 0.430489
vt 0.411571 0.427305
vt 0.578329 0.429976
vt 0.609758 0.433458
vt 0.610938 0.449022
vt 0.609763 0.528957
vt 0.608046 0.545259
vt 0.576610 0.547006
vt 0.410001 0.545346
vt 0.376960 0.542563
vt 0.375407 0.526112
vt 0.376182 0.446105
vt 0.493323 0.531782
vt 0.490567 0.782255
vt 0.498325 0.217106
vt 0.768255 0.628798
vt 0.214206 0.624122
vt 0.491141 0.756134
vt 0.742183 0.633719
vt 0.497766 0.243217
vt 0.240437 0.629758
vt 0.498727 0.203230
vt 0.782046 0.633569
vt 0.490225 0.796135
vt 0.200172 0.628680
vt 0.490955 0.763930
vt 0.490436 0.787591
vt 0.498462 0.211771
vt 0.497907 0.235423
vt 0.749910 0.631196
vt 0.773592 0.631245
vt 0.208779 0.626430
vt 0.232688 0.627132
vt 0.495685 0.362471
vt 0.623835 0.633057
vt 0.493023 0.636842
vt 0.359371 0.630561
vt 0.495474 0.394138
vt 0.617293 0.589353
vt 0.491912 0.593709
vt 0.366675 0.586624
vt 0.494799 0.438173
vt 0.601250 0.534988
vt 0.493292 0.535999
vt 0.383704 0.532336
vt 0.492221 0.624646
vt 0.401047 0.591608
vt 0.493006 0.562040
vt 0.582251 0.593818
vt 0.491518 0.615108
vt 0.436578 0.593002
vt 0.492350 0.572319
vt 0.546209 0.594586
vt 0.358877 0.792918
vt 0.361412 0.784541
vt 0.364003 0.779287
vt 0.361786 0.761112
vt 0.359407 0.753400
vt 0.363838 0.635443
vt 0.402078 0.623511
vt 0.436799 0.614464
vt 0.439136 0.593042
vt 0.439808 0.571532
vt 0.406831 0.560500
vt 0.386463 0.534279
vt 0.388236 0.530597
vt 0.387963 0.437018
vt 0.372782 0.394047
vt 0.365515 0.360802
vt 0.365775 0.240465
vt 0.368544 0.232702
vt 0.371707 0.214187
vt 0.369422 0.208665
vt 0.367346 0.199985
vt 0.201030 0.496377
vt 0.209573 0.496415
vt 0.214909 0.496496
vt 0.233230 0.496544
vt 0.241025 0.496436
vt 0.360328 0.496640
vt 0.367289 0.491799
vt 0.384200 0.485117
vt 0.389125 0.484974
vt 0.494021 0.486432
vt 0.602086 0.488123
vt 0.618719 0.494554
vt 0.625609 0.499246
vt 0.744909 0.500654
vt 0.752702 0.500847
vt 0.771020 0.501358
vt 0.776356 0.501411
vt 0.784901 0.501477
vt 0.371114 0.097185
vt 0.501511 0.100044
vt 0.888088 0.503885
vt 0.885588 0.634753
vt 0.486727 0.899299
vt 0.356288 0.896066
vt 0.097489 0.626908
vt 0.097807 0.495928
vt 0.759078 0.628756
vt 0.761853 0.501117
vt 0.498128 0.226273
vt 0.371408 0.223491
vt 0.224078 0.496567
vt 0.223470 0.624390
vt 0.364143 0.770218
vt 0.490760 0.773085
vt 0.359566 0.698911
vt 0.492232 0.700976
vt 0.687640 0.635333
vt 0.689754 0.500031
vt 0.496734 0.298362
vt 0.363514 0.295775
vt 0.296180 0.496505
vt 0.295245 0.632101
vt 0.359567 0.644560
vt 0.493166 0.646018
vt 0.633189 0.637028
vt 0.634799 0.499267
vt 0.495756 0.353303
vt 0.361285 0.351191
vt 0.351136 0.496556
vt 0.349983 0.634550
vt 0.097878 0.366815
vt 0.201517 0.365948
vt 0.210018 0.368229
vt 0.215386 0.370671
vt 0.224549 0.370540
vt 0.233700 0.367775
vt 0.241434 0.364982
vt 0.296719 0.362775
vt 0.351859 0.360358
vt 0.361139 0.364400
vt 0.367939 0.398262
vt 0.384983 0.438454
vt 0.389547 0.439909
vt 0.494693 0.441689
vt 0.602578 0.441810
vt 0.620068 0.401107
vt 0.627535 0.367382
vt 0.636850 0.363487
vt 0.692196 0.366597
vt 0.747739 0.369433
vt 0.755504 0.372306
vt 0.764697 0.375287
vt 0.773947 0.375721
vt 0.779430 0.373407
vt 0.788068 0.371263
vt 0.890739 0.374889
vt 0.630557 0.102658
vt 0.628759 0.206103
vt 0.626186 0.214517
vt 0.623637 0.219796
vt 0.623530 0.228922
vt 0.625940 0.238076
vt 0.628406 0.245813
vt 0.628597 0.300657
vt 0.628848 0.355315
vt 0.624499 0.364427
vt 0.616710 0.397425
vt 0.600617 0.440416
vt 0.598936 0.443276
vt 0.598055 0.487900
vt 0.597594 0.533099
vt 0.599278 0.536806
vt 0.578218 0.562474
vt 0.544336 0.573090
vt 0.544213 0.594489
vt 0.545711 0.615930
vt 0.581398 0.625626
vt 0.620798 0.638154
vt 0.625368 0.647597
vt 0.623541 0.703234
vt 0.621530 0.758830
vt 0.618817 0.766618
vt 0.616077 0.775926
vt 0.615825 0.785318
vt 0.618131 0.790908
vt 0.620204 0.799628
vt 0.615800 0.902658
vt 0.383832 0.431686
vt 0.495013 0.431808
vt 0.604945 0.435021
vt 0.607622 0.437534
vt 0.607409 0.488589
vt 0.606119 0.540223
vt 0.603360 0.542842
vt 0.493365 0.542634
vt 0.382383 0.540350
vt 0.378718 0.537462
vt 0.378791 0.485653
vt 0.379881 0.434480
vt 0.378422 0.425643
vt 0.495217 0.424775
vt 0.610522 0.428896
vt 0.613877 0.432586
vt 0.613341 0.489283
vt 0.612131 0.546720
vt 0.608651 0.549941
vt 0.493524 0.549986
vt 0.377227 0.547543
vt 0.372640 0.543872
vt 0.372771 0.486427
vt 0.373546 0.429794
vt 0.415810 0.530882
vt 0.493514 0.519652
vt 0.570632 0.532715
vt 0.493299 0.533629
vt 0.397792 0.780045
vt 0.490653 0.778625
vt 0.583016 0.784488
vt 0.490497 0.784926
vt 0.590824 0.219131
vt 0.498259 0.220735
vt 0.405499 0.215023
vt 0.498376 0.214434
vt 0.764620 0.628777
vt 0.768937 0.594586
vt 0.770929 0.629421
vt 0.768273 0.633502
vt 0.618815 0.785446
vt 0.211500 0.624668
vt 0.214459 0.589869
vt 0.217871 0.624220
vt 0.214051 0.628816
vt 0.359707 0.779253
vt 0.394541 0.754114
vt 0.491468 0.739777
vt 0.587404 0.758145
vt 0.491040 0.760651
vt 0.726020 0.634153
vt 0.742839 0.598038
vt 0.746643 0.633058
vt 0.742235 0.638549
vt 0.624587 0.758854
vt 0.594219 0.245151
vt 0.497467 0.259570
vt 0.400975 0.241244
vt 0.497842 0.238702
vt 0.235951 0.629057
vt 0.240650 0.594005
vt 0.256688 0.630389
vt 0.240305 0.634604
vt 0.355006 0.753339
vt 0.402399 0.200958
vt 0.499504 0.174492
vt 0.594717 0.205410
vt 0.498580 0.208306
vt 0.777034 0.633038
vt 0.782709 0.598118
vt 0.810830 0.633815
vt 0.782148 0.638425
vt 0.623260 0.799893
vt 0.586182 0.798622
vt 0.489273 0.824868
vt 0.393926 0.793717
vt 0.490355 0.791058
vt 0.171561 0.628176
vt 0.200500 0.593176
vt 0.205263 0.628178
vt 0.199943 0.633535
vt 0.354454 0.792928
vt 0.396246 0.761863
vt 0.585337 0.765965
vt 0.490868 0.767550
vt 0.584686 0.789953
vt 0.395854 0.785296
vt 0.403857 0.209592
vt 0.592738 0.213860
vt 0.592425 0.237382
vt 0.403057 0.233448
vt 0.497992 0.231806
vt 0.750624 0.596228
vt 0.753538 0.629355
vt 0.749879 0.635959
vt 0.621847 0.766579
vt 0.774232 0.596393
vt 0.773694 0.636030
vt 0.621173 0.791158
vt 0.209086 0.591536
vt 0.208563 0.631211
vt 0.357041 0.784558
vt 0.232856 0.592099
vt 0.232624 0.631905
vt 0.357449 0.761019
vt 0.229058 0.625179
vt 0.400295 0.361032
vt 0.495724 0.358060
vt 0.590736 0.363981
vt 0.495611 0.372507
vt 0.624245 0.597110
vt 0.628368 0.636106
vt 0.623109 0.636825
vt 0.620005 0.620074
vt 0.587303 0.637881
vt 0.493106 0.641257
vt 0.398391 0.635781
vt 0.492776 0.631672
vt 0.354843 0.633651
vt 0.359633 0.594629
vt 0.363377 0.617484
vt 0.360465 0.634233
vt 0.405858 0.393150
vt 0.584725 0.395926
vt 0.495325 0.415512
vt 0.617685 0.563813
vt 0.608497 0.592309
vt 0.614926 0.558900
vt 0.530676 0.594254
vt 0.491619 0.608967
vt 0.453029 0.593193
vt 0.492215 0.578453
vt 0.366829 0.561087
vt 0.369638 0.556060
vt 0.375268 0.589700
vt 0.416084 0.437026
vt 0.494902 0.435312
vt 0.573259 0.439592
vt 0.494723 0.440322
vt 0.601554 0.522562
vt 0.603400 0.537187
vt 0.600662 0.536152
vt 0.599403 0.533625
vt 0.571890 0.536804
vt 0.493311 0.538974
vt 0.414483 0.534967
vt 0.381494 0.534475
vt 0.383762 0.519817
vt 0.385801 0.531043
vt 0.384460 0.533536
vt 0.557945 0.625407
vt 0.426254 0.623846
vt 0.491690 0.618284
vt 0.403618 0.567930
vt 0.427115 0.592618
vt 0.400179 0.615484
vt 0.430142 0.561232
vt 0.493438 0.554674
vt 0.555629 0.562572
vt 0.492539 0.568963
vt 0.582769 0.617648
vt 0.555755 0.594402
vt 0.580512 0.570104
vt 0.531532 0.615671
vt 0.451373 0.614590
vt 0.438169 0.576870
vt 0.437797 0.593048
vt 0.435850 0.609133
vt 0.453776 0.571759
vt 0.530785 0.572875
vt 0.546467 0.610648
vt 0.545174 0.594554
vt 0.545358 0.578486
vt 0.359506 0.787940
vt 0.358235 0.821590
vt 0.363333 0.781924
vt 0.364060 0.775696
vt 0.359964 0.757842
vt 0.363602 0.764730
vt 0.359484 0.737264
vt 0.360593 0.639836
vt 0.375576 0.630346
vt 0.427700 0.617397
vt 0.437801 0.608436
vt 0.440055 0.577626
vt 0.431150 0.568058
vt 0.383356 0.552461
vt 0.384708 0.536915
vt 0.387641 0.532240
vt 0.388610 0.518468
vt 0.386219 0.434684
vt 0.389070 0.438742
vt 0.385806 0.437658
vt 0.369495 0.371295
vt 0.375662 0.416388
vt 0.369167 0.396021
vt 0.362293 0.356218
vt 0.362182 0.361889
vt 0.366532 0.235952
vt 0.365144 0.256865
vt 0.361370 0.240284
vt 0.241389 0.362005
vt 0.364200 0.232570
vt 0.233692 0.364821
vt 0.370579 0.229089
vt 0.371173 0.211450
vt 0.371595 0.217869
vt 0.367433 0.213974
vt 0.215314 0.367779
vt 0.367723 0.205091
vt 0.365072 0.208364
vt 0.209884 0.365279
vt 0.368430 0.171350
vt 0.362930 0.199663
vt 0.201374 0.362965
vt 0.172283 0.496291
vt 0.201467 0.400047
vt 0.206108 0.496361
vt 0.209973 0.401751
vt 0.212237 0.496480
vt 0.215302 0.403573
vt 0.218539 0.496509
vt 0.233586 0.401443
vt 0.236508 0.496465
vt 0.229612 0.496601
vt 0.241355 0.399334
vt 0.257381 0.496451
vt 0.355902 0.496566
vt 0.360986 0.399071
vt 0.364197 0.495483
vt 0.367759 0.422833
vt 0.370012 0.487983
vt 0.381765 0.485345
vt 0.384710 0.450557
vt 0.386514 0.484987
vt 0.389523 0.451619
vt 0.416729 0.485360
vt 0.571097 0.487506
vt 0.494521 0.453364
vt 0.602532 0.453822
vt 0.604483 0.488324
vt 0.600012 0.487983
vt 0.619734 0.425632
vt 0.621759 0.498163
vt 0.616057 0.490799
vt 0.627011 0.401868
vt 0.630034 0.499160
vt 0.728553 0.500468
vt 0.747005 0.403731
vt 0.749425 0.500733
vt 0.754783 0.405918
vt 0.756319 0.500980
vt 0.767392 0.501247
vt 0.773144 0.408581
vt 0.773691 0.501422
vt 0.778558 0.406886
vt 0.779824 0.501402
vt 0.787172 0.405305
vt 0.813640 0.502137
vt 0.374598 0.000256
vt 0.405920 0.098030
vt 0.366700 0.096923
vt 0.097813 0.363832
vt 0.596765 0.101996
vt 0.504135 0.002739
vt 0.886216 0.599610
vt 0.889998 0.408628
vt 0.985391 0.506177
vt 0.983334 0.636036
vt 0.885583 0.639604
vt 0.618856 0.902855
vt 0.391108 0.896910
vt 0.582004 0.901719
vt 0.483384 0.996580
vt 0.353688 0.993446
vt 0.351866 0.895995
vt 0.097307 0.631755
vt 0.097659 0.591739
vt 0.000686 0.625256
vt 0.097893 0.400584
vt 0.000467 0.495428
vt 0.759786 0.594497
vt 0.759050 0.633454
vt 0.619055 0.775962
vt 0.763938 0.408190
vt 0.405228 0.224266
vt 0.590699 0.228246
vt 0.367127 0.223332
vt 0.224512 0.367643
vt 0.223672 0.590087
vt 0.224450 0.403496
vt 0.223371 0.629084
vt 0.359866 0.770154
vt 0.397936 0.770966
vt 0.583259 0.775198
vt 0.359608 0.660592
vt 0.394941 0.699394
vt 0.355150 0.698977
vt 0.295002 0.636947
vt 0.589184 0.702606
vt 0.492957 0.662225
vt 0.649284 0.636533
vt 0.688061 0.599085
vt 0.687855 0.640178
vt 0.626601 0.703360
vt 0.651005 0.499559
vt 0.691528 0.401444
vt 0.594100 0.300116
vt 0.496015 0.337103
vt 0.399029 0.296535
vt 0.361891 0.334712
vt 0.359093 0.295550
vt 0.296565 0.359796
vt 0.296661 0.397697
vt 0.334929 0.496554
vt 0.295600 0.595779
vt 0.333784 0.633839
vt 0.395219 0.644862
vt 0.355063 0.644684
vt 0.349778 0.639480
vt 0.590764 0.647204
vt 0.633447 0.600095
vt 0.633477 0.642012
vt 0.628476 0.647593
vt 0.636261 0.398934
vt 0.397163 0.351696
vt 0.594005 0.354885
vt 0.356765 0.351237
vt 0.351634 0.357224
vt 0.350373 0.597586
vt 0.351791 0.395975
vt 0.172708 0.366275
vt 0.000038 0.367460
vt 0.206542 0.366407
vt 0.212710 0.370091
vt 0.219010 0.370607
vt 0.230085 0.369815
vt 0.236961 0.365728
vt 0.257796 0.364383
vt 0.335606 0.361115
vt 0.356646 0.361216
vt 0.365011 0.375038
vt 0.370568 0.420903
vt 0.382749 0.436808
vt 0.387083 0.439471
vt 0.417157 0.440429
vt 0.572003 0.442902
vt 0.604788 0.440031
vt 0.600719 0.442888
vt 0.602011 0.441028
vt 0.623476 0.377983
vt 0.616979 0.423670
vt 0.619226 0.399023
vt 0.632055 0.364238
vt 0.626818 0.365123
vt 0.637002 0.360483
vt 0.631989 0.355168
vt 0.653152 0.364487
vt 0.692311 0.363619
vt 0.631660 0.300590
vt 0.731290 0.368639
vt 0.747792 0.366447
vt 0.631460 0.245840
vt 0.752245 0.370237
vt 0.755545 0.369353
vt 0.628954 0.238138
vt 0.759121 0.374403
vt 0.770288 0.375535
vt 0.764793 0.372398
vt 0.626491 0.228949
vt 0.774091 0.372820
vt 0.626606 0.219781
vt 0.776664 0.375220
vt 0.782984 0.371636
vt 0.779637 0.370451
vt 0.629219 0.214459
vt 0.816661 0.372333
vt 0.788278 0.368286
vt 0.631827 0.206053
vt 0.890896 0.371910
vt 0.633620 0.102674
vt 0.987560 0.378189
vt 0.629226 0.177345
vt 0.632321 0.005007
vt 0.628099 0.211104
vt 0.624279 0.217147
vt 0.623606 0.223407
vt 0.624083 0.234444
vt 0.627811 0.241354
vt 0.628432 0.262049
vt 0.628777 0.339218
vt 0.627769 0.360025
vt 0.620369 0.374800
vt 0.613452 0.419668
vt 0.602457 0.438071
vt 0.599439 0.442127
vt 0.598633 0.454866
vt 0.597582 0.521078
vt 0.598143 0.534747
vt 0.601013 0.539448
vt 0.602361 0.554738
vt 0.553212 0.569731
vt 0.543899 0.579145
vt 0.544933 0.609843
vt 0.555037 0.619081
vt 0.608687 0.632880
vt 0.624202 0.642657
vt 0.624935 0.664085
vt 0.622102 0.742372
vt 0.620783 0.763336
vt 0.616844 0.770280
vt 0.615932 0.781594
vt 0.616358 0.788091
vt 0.619846 0.794507
vt 0.618944 0.828327
vt 0.611715 0.999804
vt 0.381125 0.428511
vt 0.413349 0.430867
vt 0.381122 0.433234
vt 0.495122 0.428137
vt 0.576365 0.433522
vt 0.607745 0.431788
vt 0.606711 0.436345
vt 0.610758 0.434870
vt 0.607810 0.450859
vt 0.610487 0.488911
vt 0.606739 0.526464
vt 0.609123 0.543575
vt 0.605132 0.541729
vt 0.606010 0.546502
vt 0.574779 0.543249
vt 0.493441 0.546474
vt 0.411704 0.541501
vt 0.379789 0.544066
vt 0.379890 0.539049
vt 0.375669 0.540769
vt 0.378480 0.523645
vt 0.375664 0.486020
vt 0.379356 0.447820
vt 0.376705 0.431974
vt 0.409890 0.424055
vt 0.374934 0.428053
vt 0.580172 0.426743
vt 0.612884 0.430942
vt 0.613896 0.447482
vt 0.612618 0.531269
vt 0.611077 0.548617
vt 0.578313 0.550470
vt 0.408443 0.548880
vt 0.373939 0.545899
vt 0.372520 0.528401
vt 0.373183 0.444656
vn 0.000000 -0.389684 0.920949
vn 0.000000 -0.020224 0.999795
vn 0.000000 -0.020011 0.999800
vn 0.000000 -0.385757 0.922601
vn 0.000000 0.000000 1.000000
vn 0.000000 0.000000 1.000000
vn 0.000000 0.000000 1.000000
vn 0.000000 -0.020234 0.999795
vn 0.000000 -0.389869 0.920870
vn 0.000000 0.340999 0.940064
vn 0.000000 0.957077 0.289835
vn -0.000000 0.960180 0.279383
vn -0.000000 0.376525 0.926406
vn 0.000000 1.000000 0.000000
vn 0.000000 1.000000 0.000000
vn 0.000000 1.000000 -0.000000
vn -0.000000 0.956933 0.290307
vn 0.000000 0.339592 0.940573
vn 0.000000 -0.339588 0.940574
vn 0.000000 -0.956932 0.290312
vn 0.000000 -0.960180 0.279381
vn 0.000000 -0.376526 0.926406
vn 0.000000 -1.000000 -0.000001
vn 0.000000 -1.000000 -0.000002
vn 0.000000 -1.000000 -0.000003
vn 0.000000 -0.957078 0.289831
vn 0.000000 -0.341000 0.940063
vn 0.845626 0.533777 0.000000
vn 0.999804 0.019780 0.000000
vn 0.951401 0.016923 0.307491
vn 0.780254 0.486838 0.392674
vn 1.000000 0.000000 0.000000
vn 0.957119 0.000000 0.289695
vn 0.341419 0.000000 0.939911
vn 0.299360 0.006147 0.954121
vn 0.202259 0.128197 0.970905
vn -0.172702 0.157536 0.972294
vn -0.296997 0.008790 0.954838
vn -0.950558 0.024589 0.309573
vn -0.677735 0.616327 0.401019
vn -0.341419 0.000000 0.939911
vn -0.957120 0.000000 0.289693
vn -1.000000 0.000000 0.000000
vn -0.999592 0.028556 -0.000000
vn -0.739059 0.673641 -0.000004
vn 0.000000 0.657748 -0.753238
vn 0.000000 0.996927 -0.078332
vn 0.000000 0.996742 -0.080652
vn 0.000000 0.618544 -0.785750
vn 0.000000 1.000000 0.000000
vn 0.000000 1.000000 0.000000
vn 0.000000 1.000000 0.000000
vn 0.000000 0.996936 -0.078222
vn 0.000000 0.659550 -0.751661
vn 0.845627 0.533774 0.000000
vn 0.999804 0.019780 0.000000
vn 0.996853 0.020352 -0.076611
vn 0.840145 0.532228 -0.104352
vn 1.000000 0.000000 0.000000
vn 0.996925 0.000000 -0.078364
vn 0.657217 0.000000 -0.753702
vn 0.704212 0.014575 -0.709841
vn 0.478800 0.303853 -0.823665
vn 0.000000 -0.659550 -0.751661
vn 0.000000 -0.996936 -0.078222
vn 0.000000 -0.996742 -0.080652
vn 0.000000 -0.618544 -0.785750
vn 0.000000 -1.000000 0.000000
vn 0.000000 -1.000000 0.000000
vn 0.000000 -1.000000 0.000000
vn 0.000000 -0.996927 -0.078332
vn 0.000000 -0.657747 -0.753239
vn -0.413970 0.377744 -0.828214
vn -0.701169 0.020888 -0.712689
vn -0.996581 0.029324 -0.077243
vn -0.734615 0.670077 -0.106476
vn -0.657215 0.000000 -0.753703
vn -0.996925 0.000000 -0.078366
vn -1.000000 0.000000 0.000000
vn -0.999592 0.028556 -0.000000
vn -0.739054 0.673647 0.000000
vn 0.000000 -0.705502 0.708708
vn 0.000000 -0.998852 0.047906
vn 0.000000 -0.998787 0.049238
vn 0.000000 -0.669905 0.742447
vn 0.000000 -1.000000 0.000000
vn 0.000000 -1.000000 0.000000
vn 0.000000 -1.000000 0.000000
vn 0.000000 -0.998855 0.047843
vn 0.000000 -0.707130 0.707083
vn 0.520092 0.330461 0.787591
vn 0.746639 0.015611 0.665047
vn 0.998693 0.020143 0.046979
vn 0.843354 0.533531 0.064017
vn 0.705020 0.000000 0.709187
vn 0.998851 0.000000 0.047925
vn 1.000000 0.000000 0.000000
vn 0.999804 0.019780 0.000000
vn 0.845620 0.533786 0.000000
vn 0.000000 0.707130 0.707083
vn 0.000000 0.998855 0.047843
vn 0.000000 0.998787 0.049238
vn 0.000000 0.669905 0.742447
vn 0.000000 1.000000 0.000000
vn 0.000000 1.000000 0.000000
vn 0.000000 1.000000 0.000000
vn 0.000000 0.998852 0.047906
vn 0.000000 0.705501 0.708709
vn -0.739047 0.673654 0.000000
vn -0.999592 0.028557 0.000000
vn -0.998455 0.029046 0.047363
vn -0.737320 0.672376 0.065346
vn -1.000000 0.000000 0.000000
vn -0.998851 0.000000 0.047925
vn -0.705022 0.000000 0.709185
vn -0.743756 0.022371 0.668077
vn -0.450214 0.410922 0.792749
vn 0.000000 0.671921 -0.740623
vn 0.000000 0.278696 -0.960379
vn 0.000000 0.283381 -0.959007
vn 0.000000 0.702178 -0.712002
vn 0.000000 0.278495 -0.960438
vn 0.000000 0.670641 -0.741782
vn 0.000000 0.226401 0.974034
vn -0.000000 0.213315 0.976983
vn 0.000000 0.225865 0.974159
vn 0.000000 -0.225866 0.974158
vn 0.000000 -0.213315 0.976983
vn 0.000000 -0.226401 0.974034
vn -0.000000 -0.670641 -0.741782
vn -0.000000 -0.278495 -0.960438
vn 0.000000 -0.283381 -0.959007
vn 0.000000 -0.702178 -0.712002
vn 0.000000 -0.278696 -0.960379
vn 0.000000 -0.671922 -0.740622
vn 0.268072 0.005597 -0.963383
vn 0.172871 0.109801 -0.978805
vn 0.278755 0.000000 -0.960362
vn 0.672301 0.000000 -0.740278
vn 0.630815 0.011711 -0.775844
vn 0.450939 0.282586 -0.846640
vn 0.225707 0.000000 0.974195
vn 0.237508 0.003742 0.971378
vn 0.147503 0.090902 0.984876
vn -0.235973 0.005459 0.971744
vn -0.125531 0.113880 0.985532
vn -0.225707 0.000000 0.974195
vn -0.672300 0.000000 -0.740279
vn -0.278755 0.000000 -0.960362
vn -0.265921 0.007990 -0.963962
vn -0.627733 0.016905 -0.778245
vn -0.148077 0.135138 -0.979699
vn -0.386328 0.351624 -0.852708
vn 0.000000 0.000000 1.000000
vn 0.000000 -0.045461 0.998966
vn 0.000000 -0.038095 0.999274
vn 0.000000 0.000000 1.000000
vn 0.000000 -0.471757 0.881728
vn 0.000000 -0.427953 0.903801
vn 0.000000 -0.473814 0.880625
vn 0.000000 -0.045789 0.998951
vn 0.000000 0.000000 1.000000
vn 0.000000 0.000000 1.000000
vn 0.094511 0.000000 0.995524
vn 0.085499 0.000801 0.996338
vn 0.000001 -0.000000 1.000000
vn 0.471158 0.000000 0.882049
vn 0.528357 0.010259 0.848960
vn 0.331934 0.209125 0.919830
vn 0.024968 0.014753 0.999579
vn 0.000000 0.000000 1.000000
vn 0.000000 0.000000 1.000000
vn 0.000000 0.081385 0.996683
vn 0.000000 0.061060 0.998134
vn 0.000000 0.000000 1.000000
vn 0.000000 0.473815 0.880624
vn 0.000000 0.427953 0.903801
vn 0.000000 0.471757 0.881729
vn 0.000000 0.080598 0.996747
vn 0.000000 0.000000 1.000000
vn -0.285710 0.260335 0.922278
vn -0.525338 0.014739 0.850766
vn -0.085268 0.001242 0.996357
vn -0.022606 0.020339 0.999537
vn -0.471159 0.000000 0.882048
vn -0.094511 0.000000 0.995524
vn 0.000000 0.000000 1.000000
vn -0.000001 -0.000000 1.000000
vn -0.000000 0.000000 1.000000
vn -0.000000 0.054097 0.998536
vn -0.000000 0.008949 0.999960
vn -0.000000 0.009204 0.999958
vn -0.000000 0.055495 0.998459
vn 0.000000 0.008937 0.999960
vn 0.000000 0.054032 0.998539
vn -0.290500 0.000000 0.956875
vn -0.030845 0.000000 0.999524
vn 0.002499 -0.004410 0.999987
vn -0.052243 -0.017945 0.998473
vn 0.002259 -0.002873 0.999993
vn 0.007307 -0.015793 0.999849
vn 0.000000 0.035098 0.999384
vn 0.000000 -0.000273 1.000000
vn 0.000000 -0.000108 1.000000
vn 0.000000 0.035577 0.999367
vn 0.000000 -0.036501 0.999334
vn 0.000000 -0.036009 0.999351
vn 0.000000 -0.036479 0.999334
vn 0.000000 -0.000266 1.000000
vn 0.000000 0.035119 0.999383
vn -0.002478 -0.004438 0.999987
vn -0.002251 -0.002895 0.999993
vn 0.030845 0.000000 0.999524
vn 0.290500 0.000000 0.956875
vn 0.051525 -0.018616 0.998498
vn -0.007270 -0.017352 0.999823
vn 0.000000 0.577077 0.816690
vn 0.000000 0.853409 0.521242
vn 0.000000 0.851809 0.523853
vn 0.000000 0.571424 0.820655
vn 0.000000 0.897898 0.440203
vn 0.000000 0.897898 0.440204
vn 0.000000 0.897898 0.440204
vn 0.000000 0.853485 0.521118
vn 0.000000 0.577344 0.816501
vn -0.385333 0.000000 0.922778
vn -0.857079 0.000000 0.515186
vn -0.856898 -0.032131 0.514484
vn -0.396944 -0.017645 0.917673
vn -0.945859 0.000000 0.324578
vn -0.934839 -0.038498 0.352978
vn -0.445033 -0.602616 0.662419
vn -0.407899 -0.541842 0.734865
vn -0.256264 -0.353753 0.899548
vn 0.000000 -0.689871 0.723932
vn 0.000000 -0.687547 0.726140
vn 0.000000 -0.760663 0.649147
vn 0.000000 -0.760664 0.649146
vn 0.000000 -0.760663 0.649147
vn 0.000000 -0.689767 0.724032
vn 0.336200 -0.659028 0.672794
vn 0.929274 -0.055415 0.365211
vn 0.813301 -0.043246 0.580234
vn 0.308657 -0.584774 0.750180
vn 0.945859 0.000000 0.324578
vn 0.812885 0.000000 0.582424
vn 0.288295 0.000000 0.957542
vn 0.298133 -0.018761 0.954340
vn 0.177539 -0.366416 0.913356
vn -0.000000 -0.057667 0.998336
vn 0.000000 -0.007017 0.999975
vn -0.000000 -0.012074 0.999927
vn -0.000000 -0.081775 0.996651
vn 0.000000 -0.007148 0.999974
vn 0.000000 -0.058230 0.998303
vn 0.001947 -0.001299 0.999997
vn 0.002753 -0.000095 0.999996
vn 0.000100 -0.004103 0.999992
vn 0.020151 0.003105 0.999792
vn 0.021279 0.001376 0.999773
vn 0.019210 -0.000562 0.999815
vn 0.000000 0.058508 0.998287
vn 0.000000 -0.037794 0.999286
vn 0.000000 -0.022667 0.999743
vn 0.000000 0.081775 0.996651
vn 0.000000 -0.224380 0.974502
vn 0.000000 -0.174099 0.984728
vn 0.000000 -0.226155 0.974091
vn 0.000000 -0.038205 0.999270
vn 0.000000 0.057944 0.998320
vn -0.001979 -0.001277 0.999997
vn -0.000163 -0.003930 0.999992
vn -0.002799 -0.000014 0.999996
vn -0.019435 -0.000014 0.999811
vn -0.021395 0.001392 0.999770
vn -0.020368 0.002599 0.999789
vn 0.000000 -0.166984 0.985960
vn 0.000000 -0.155530 0.987831
vn -0.000000 -0.166675 0.986012
vn 0.113559 0.007223 0.993505
vn 0.092625 -0.004654 0.995690
vn 0.094320 0.016766 0.995401
vn 0.383559 0.045386 0.922401
vn 0.382088 0.023365 0.923831
vn 0.380518 0.001818 0.924772
vn 0.000000 0.165345 0.986236
vn 0.000000 0.155325 0.987863
vn 0.000000 0.165607 0.986192
vn -0.115450 0.007360 0.993286
vn -0.096780 0.013791 0.995210
vn -0.095055 -0.001400 0.995471
vn -0.508610 0.011865 0.860915
vn -0.510494 0.031504 0.859304
vn -0.512170 0.051624 0.857331
vn -0.024882 0.744582 0.667067
vn -0.032308 0.998352 0.047436
vn -0.031783 0.999495 0.000000
vn -0.006127 0.235924 0.971752
vn -0.009708 0.294898 0.955479
vn -0.031784 0.999495 -0.000000
vn -0.027454 0.950058 0.310862
vn -0.023247 0.702184 -0.711616
vn -0.008846 0.264913 -0.964232
vn -0.018788 0.625314 -0.780147
vn -0.031783 0.999495 0.000000
vn -0.032607 0.996470 -0.077353
vn -0.001364 0.080949 0.996717
vn 0.000000 0.000001 1.000000
vn -0.016457 0.526814 0.849821
vn 0.001642 -0.001188 0.999998
vn 0.009652 -0.021481 0.999723
vn 0.020939 -0.135665 0.990533
vn 0.016042 -0.038072 0.999146
vn 0.010841 0.000163 0.999941
vn 0.015817 0.036948 0.999192
vn 0.010418 0.023021 0.999681
vn 0.020277 0.137651 0.990273
vn -0.007545 -0.146698 0.989153
vn -0.000040 -0.030419 0.999537
vn 0.009349 -0.691773 0.722055
vn 0.006941 -0.393992 0.919087
vn 0.011014 -0.758884 0.651133
vn 0.009444 0.000000 0.999955
vn 0.009311 -0.020079 0.999755
vn 0.258614 0.831089 0.492352
vn 0.007978 0.896865 0.442232
vn 0.007093 0.854769 0.518960
vn 0.247342 0.769477 0.588835
vn 0.006414 0.583095 0.812378
vn 0.157636 0.549085 0.820766
vn 0.000000 0.000000 1.000000
vn 0.000000 0.000000 1.000000
vn 0.000112 0.008491 0.999964
vn 0.002227 0.007584 0.999969
vn 0.000593 0.051758 0.998659
vn 0.016726 0.047527 0.998730
vn -0.218140 -0.323910 0.920596
vn -0.010185 -0.530961 0.847335
vn -0.000519 -0.055734 0.998445
vn -0.025486 -0.039970 0.998876
vn -0.316954 -0.467740 -0.825082
vn -0.014445 -0.706351 -0.707714
vn -0.020115 -0.996868 -0.076480
vn -0.557283 -0.823657 -0.104994
vn -0.019548 -0.999809 -0.000000
vn -0.559201 -0.829032 -0.000001
vn -0.005528 -0.267913 -0.963427
vn -0.011554 -0.629681 -0.776768
vn -0.114197 -0.168404 -0.979081
vn -0.294678 -0.439595 -0.848482
vn -0.133254 -0.196876 0.971330
vn -0.006053 -0.298220 0.954478
vn -0.016720 -0.951267 0.307913
vn -0.510175 -0.763909 0.395176
vn -0.019546 -0.999809 -0.000002
vn -0.559184 -0.829043 0.000000
vn -0.344755 -0.508245 0.789196
vn -0.015465 -0.748538 0.662911
vn -0.003708 -0.238079 0.971239
vn -0.094896 -0.143597 0.985076
vn -0.559209 -0.829027 0.000000
vn -0.019548 -0.999809 0.000000
vn -0.019907 -0.998701 0.046903
vn -0.558766 -0.826820 0.064418
vn -1.000000 0.000000 0.000000
vn -0.998787 0.000000 0.049237
vn -1.000000 0.000000 0.000000
vn -0.998855 0.000000 0.047838
vn -0.707248 0.000000 0.706965
vn -0.669907 0.000000 0.742445
vn -0.213316 0.000000 0.976983
vn -0.376523 0.000000 0.926407
vn -0.226438 0.000000 0.974026
vn -0.339488 0.000000 0.940610
vn -0.956922 0.000000 0.290345
vn -0.960179 0.000000 0.279384
vn -1.000000 0.000000 0.000000
vn -1.000000 0.000000 0.000000
vn -0.670548 0.000000 -0.741867
vn -0.278481 0.000000 -0.960442
vn -0.283381 0.000000 -0.959007
vn -0.702175 0.000000 -0.712004
vn -0.659681 0.000000 -0.751546
vn -0.618546 0.000000 -0.785749
vn -0.996937 0.000000 -0.078213
vn -0.996742 0.000000 -0.080653
vn -1.000000 0.000000 0.000000
vn -1.000000 0.000000 0.000000
vn -0.072254 0.000000 0.997386
vn 0.000000 0.000000 1.000000
vn -0.427965 0.000000 0.903795
vn -0.473982 0.000000 0.880535
vn -0.093564 0.000000 0.995613
vn 0.000000 0.000000 1.000000
vn 0.060524 0.000000 0.998167
vn 0.385056 0.000000 0.922893
vn 0.031189 0.000000 0.999514
vn 0.297079 0.000000 0.954853
vn 0.799545 0.000000 0.600606
vn 0.278436 0.000000 0.960455
vn 0.945859 0.000000 0.324579
vn 0.945859 0.000000 0.324579
vn 0.806160 0.000000 0.591698
vn 0.283285 0.000000 0.959036
vn 0.009360 0.000000 0.999956
vn 0.009282 0.000000 0.999957
vn 0.000000 0.000000 1.000000
vn 0.000000 0.000000 1.000000
vn 0.000000 0.000000 1.000000
vn 0.000000 0.000000 1.000000
vn 0.000000 0.000000 1.000000
vn 0.000000 0.000000 1.000000
vn -0.378627 0.000000 0.925549
vn -0.852371 0.000000 0.522937
vn -0.847720 0.000000 0.530444
vn -0.372115 0.000000 0.928187
vn -0.945859 0.000000 0.324579
vn -0.945858 0.000000 0.324579
vn -0.297079 0.000000 0.954853
vn -0.031189 0.000000 0.999514
vn -0.060524 0.000000 0.998167
vn -0.385056 0.000000 0.922893
vn -0.000000 0.000000 1.000000
vn 0.000000 0.000000 1.000000
vn 0.093564 0.000000 0.995613
vn 0.072254 0.000000 0.997386
vn 0.473981 0.000000 0.880535
vn 0.427964 0.000000 0.903796
vn 1.000000 0.000000 0.000000
vn 0.996742 0.000000 -0.080652
vn 1.000000 0.000000 0.000000
vn 0.996937 0.000000 -0.078213
vn 0.659681 0.000000 -0.751546
vn 0.618546 0.000000 -0.785748
vn 0.283380 0.000000 -0.959008
vn 0.702175 0.000000 -0.712004
vn 0.278480 0.000000 -0.960442
vn 0.670547 0.000000 -0.741867
vn 0.960179 0.000000 0.279384
vn 0.376524 0.000000 0.926407
vn 1.000000 0.000000 0.000000
vn 1.000000 0.000000 0.000000
vn 0.956922 0.000000 0.290345
vn 0.339488 0.000000 0.940610
vn 0.226439 0.000000 0.974025
vn 0.213316 0.000000 0.976983
vn 0.707249 0.000000 0.706965
vn 0.669906 0.000000 0.742446
vn 0.998855 0.000000 0.047838
vn 0.998787 0.000000 0.049238
vn 1.000000 0.000000 0.000000
vn 1.000000 0.000000 0.000000
vn -0.559210 -0.829026 0.000000
vn -0.019548 -0.999809 0.000000
vn -0.019548 -0.999809 0.000000
vn -0.559210 -0.829026 0.000000
vn 0.000000 -1.000000 0.000000
vn 0.000000 -1.000000 0.000000
vn 0.000000 -1.000000 0.000000
vn 0.000000 -1.000000 0.000000
vn 0.000000 -1.000000 0.000000
vn 0.000000 -1.000000 0.000000
vn 1.000000 0.000000 0.000000
vn 1.000000 0.000000 0.000000
vn 1.000000 0.000000 0.000000
vn 1.000000 0.000000 0.000000
vn 1.000000 0.000000 0.000000
vn 1.000000 0.000000 0.000000
vn 0.999804 0.019780 0.000000
vn 0.845623 0.533781 0.000001
vn 0.999804 0.019780 0.000000
vn 0.845625 0.533778 0.000000
vn 0.000000 1.000000 0.000000
vn 0.000000 1.000000 0.000000
vn 0.000000 1.000000 0.000000
vn 0.000000 1.000000 0.000000
vn 0.000000 1.000000 0.000000
vn 0.000000 1.000000 0.000000
vn -0.031783 0.999495 0.000000
vn -0.739050 0.673651 0.000000
vn -0.031783 0.999495 0.000000
vn -0.739052 0.673649 0.000000
vn -1.000000 0.000000 0.000000
vn -1.000000 0.000000 0.000000
vn -0.999592 0.028557 0.000000
vn -0.999592 0.028557 0.000000
vn -1.000000 0.000000 0.000000
vn -1.000000 0.000000 0.000000
vn -1.000000 0.000000 0.000000
vn -1.000000 0.000000 0.000000
vn 0.986358 0.018346 -0.163588
vn 0.827222 0.518600 -0.216233
vn 0.987465 0.000000 -0.157840
vn 0.987442 0.000000 -0.157984
vn 0.987817 0.000000 -0.155622
vn 0.000000 -0.987460 -0.157869
vn 0.000000 -0.987817 -0.155620
vn 0.000000 -0.987443 -0.157976
vn -0.018128 -0.986348 -0.163671
vn -0.543588 -0.810628 -0.217703
vn -0.987465 0.000000 -0.157840
vn -0.987817 0.000000 -0.155622
vn -0.987442 0.000000 -0.157984
vn -0.985965 0.026587 -0.164820
vn -0.721201 0.656483 -0.221134
vn -0.029647 0.985781 -0.165401
vn 0.000000 0.987460 -0.157871
vn 0.000000 0.987443 -0.157976
vn 0.000000 0.987817 -0.155621
vn -0.739054 0.673647 0.000000
vn -0.031783 0.999495 -0.000000
vn -0.031783 0.999495 -0.000000
vn -0.739054 0.673647 -0.000000
vn 0.000000 1.000000 0.000000
vn 0.000000 1.000000 0.000000
vn 0.000000 1.000000 0.000000
vn 0.000000 1.000000 0.000000
vn 0.000000 1.000000 0.000000
vn 0.000000 1.000000 0.000000
vn 0.845627 0.533774 0.000000
vn 0.999804 0.019780 0.000000
vn 0.999804 0.019779 0.000000
vn 0.845627 0.533774 0.000000
vn 1.000000 0.000000 0.000000
vn 1.000000 0.000000 0.000000
vn 1.000000 0.000000 0.000000
vn 1.000000 0.000000 0.000000
vn 1.000000 0.000000 0.000000
vn 1.000000 0.000000 0.000000
vn 0.000000 -1.000000 0.000000
vn 0.000000 -1.000000 0.000000
vn 0.000000 -1.000000 0.000000
vn 0.000000 -1.000000 0.000000
vn 0.000000 -1.000000 0.000000
vn 0.000000 -1.000000 0.000000
vn -0.019548 -0.999809 -0.000000
vn -0.559204 -0.829030 -0.000000
vn -0.019548 -0.999809 -0.000000
vn -0.559206 -0.829028 -0.000000
vn -1.000000 0.000000 0.000000
vn -1.000000 0.000000 0.000000
vn -1.000000 0.000000 0.000000
vn -1.000000 0.000000 0.000000
vn -1.000000 0.000000 0.000000
vn -1.000000 0.000000 0.000000
vn -0.999592 0.028557 0.000000
vn -0.999592 0.028557 0.000000
vn -0.032998 0.992296 0.119413
vn -0.728478 0.664754 0.165596
vn 0.000000 0.992229 0.124422
vn 0.000000 0.992266 0.124134
vn 0.000000 0.991451 0.130478
vn 0.992219 0.000000 0.124503
vn 0.992752 0.020630 0.118395
vn 0.833030 0.528816 0.162526
vn 0.992269 0.000000 0.124108
vn 0.991452 0.000000 0.130474
vn 0.000000 -0.992229 0.124422
vn 0.000000 -0.991451 0.130478
vn 0.000000 -0.992265 0.124134
vn -0.020391 -0.992796 0.118068
vn -0.553523 -0.816635 0.163458
vn -0.992219 0.000000 0.124502
vn -0.991452 0.000000 0.130474
vn -0.992269 0.000000 0.124107
vn -0.992405 0.029692 0.119372
vn -0.999526 -0.030784 0.000000
vn -0.999526 -0.030784 0.000000
vn -0.999526 -0.030784 0.000000
vn -0.998398 -0.031264 0.047158
vn -0.751537 -0.024253 0.659245
vn -0.237887 -0.006068 0.971274
vn -0.290937 -0.009263 0.956697
vn -0.999526 -0.030784 0.000000
vn -0.949566 -0.026730 0.312427
vn -0.985753 -0.028805 -0.165716
vn -0.621251 -0.018145 -0.783401
vn -0.710014 -0.022710 -0.703821
vn -0.264379 -0.008529 -0.964381
vn -0.999526 -0.030785 -0.000000
vn -0.996543 -0.031537 -0.076867
vn -0.999526 -0.030785 -0.000000
vn -0.999526 -0.030785 -0.000000
vn -0.992480 -0.031893 0.118179
vn -0.536358 -0.016236 0.843834
vn -0.113535 -0.001974 0.993532
vn 0.000002 0.000000 1.000000
vn 0.006693 0.002879 0.999973
vn 0.184763 0.015569 0.982660
vn 0.808500 0.047637 0.586565
vn 0.291036 0.019840 0.956506
vn 0.934694 0.061273 0.350132
vn 0.009261 0.022080 0.999713
vn 0.000000 0.022063 0.999757
vn 0.000000 0.022080 0.999756
vn 0.000000 0.021715 0.999764
vn -0.354548 0.787511 0.504104
vn -0.938573 0.042490 0.342455
vn -0.853656 0.035569 0.519621
vn -0.334987 0.733137 0.591856
vn -0.387538 0.018595 0.921666
vn -0.231686 0.536299 0.811607
vn 0.000000 0.000000 1.000000
vn -0.000001 0.000000 1.000000
vn -0.007391 0.002259 0.999970
vn -0.002788 0.007427 0.999969
vn -0.197994 0.011955 0.980131
vn -0.022902 0.046294 0.998665
vn 0.268848 -0.276042 0.922779
vn 0.539470 -0.011285 0.841929
vn 0.115782 -0.001262 0.993274
vn 0.033962 -0.034996 0.998810
vn 0.688155 -0.706278 0.166178
vn 0.992864 -0.022204 0.117170
vn 0.697740 -0.716351 -0.000000
vn 0.999773 -0.021324 -0.000000
vn 0.999773 -0.021324 0.000000
vn 0.999773 -0.021324 0.000000
vn 0.697739 -0.716352 0.000000
vn 0.697738 -0.716353 0.000000
vn 0.996852 -0.021916 -0.076201
vn 0.713094 -0.015865 -0.700889
vn 0.693814 -0.712180 -0.106873
vn 0.390112 -0.400399 -0.829152
vn 0.266712 -0.005991 -0.963758
vn 0.624770 -0.012555 -0.780708
vn 0.139359 -0.143032 -0.979858
vn 0.363253 -0.373126 -0.853712
vn 0.697711 -0.716379 -0.000001
vn 0.999773 -0.021325 0.000000
vn 0.986204 -0.019829 -0.164342
vn 0.680163 -0.698635 -0.222008
vn 0.950545 -0.018322 0.310045
vn 0.293559 -0.006498 0.955919
vn 0.638496 -0.656002 0.402472
vn 0.162452 -0.166754 0.972524
vn 0.424430 -0.435576 0.793809
vn 0.754452 -0.016952 0.656136
vn 0.239607 -0.004126 0.970861
vn 0.117719 -0.121023 0.985645
vn 0.697753 -0.716339 0.000000
vn 0.999773 -0.021323 0.000000
vn 0.998671 -0.021699 0.046751
vn 0.696294 -0.714753 0.065592
vn 0.999773 -0.021323 0.000000
vn 0.999773 -0.021324 0.000000
vn 0.697753 -0.716338 0.000000
vn 0.697753 -0.716339 0.000000
vn 0.020652 -0.999787 0.000000
vn 0.020652 -0.999787 0.000000
vn 0.020652 -0.999787 0.000000
vn 0.021019 -0.998686 0.046735
vn 0.016424 -0.754316 0.656305
vn 0.003986 -0.239631 0.970856
vn 0.006303 -0.293963 0.955796
vn 0.020650 -0.999787 -0.000002
vn 0.017724 -0.950640 0.309788
vn 0.019190 -0.986236 -0.164224
vn 0.012158 -0.625242 -0.780337
vn 0.015368 -0.712925 -0.701071
vn 0.005809 -0.266920 -0.963701
vn 0.020652 -0.999787 0.000000
vn 0.021231 -0.996868 -0.076175
vn 0.020652 -0.999787 0.000000
vn 0.020652 -0.999787 0.000000
vn 0.021514 -0.992880 0.117160
vn 0.010923 -0.539189 0.842114
vn 0.000594 -0.056919 0.998379
vn -0.000000 0.000000 1.000000
vn -0.000112 0.008444 0.999964
vn -0.000618 0.051513 0.998672
vn -0.007470 0.854931 0.518687
vn -0.006627 0.583764 0.811896
vn -0.008429 0.896778 0.442400
vn -0.009922 0.000000 0.999951
vn -0.009856 0.022175 0.999705
vn -0.010046 0.000000 0.999950
vn -0.009805 0.000000 0.999952
vn -0.009965 -0.020146 0.999747
vn -0.007144 -0.394464 0.918884
vn -0.011649 -0.758733 0.651297
vn -0.009859 -0.691998 0.721832
vn 0.000243 -0.030464 0.999536
vn -0.010302 0.021706 0.999711
vn 0.008017 -0.148380 0.988898
vn -0.020962 0.134673 0.990668
vn -0.016364 0.036540 0.999198
vn -0.016609 -0.037640 0.999153
vn -0.011358 0.000176 0.999936
vn -0.009511 -0.020190 0.999751
vn -0.021645 -0.132346 0.990967
vn -0.000000 0.000001 1.000000
vn -0.001585 -0.001019 0.999998
vn 0.017676 0.534964 0.844690
vn 0.001628 0.084148 0.996452
vn 0.033577 0.999436 0.000000
vn 0.034744 0.992342 0.118533
vn 0.033577 0.999436 0.000000
vn 0.033577 0.999436 0.000000
vn 0.034371 0.996432 -0.077082
vn 0.024705 0.708732 -0.705045
vn 0.009270 0.263738 -0.964550
vn 0.019795 0.620425 -0.784016
vn 0.033578 0.999436 -0.000001
vn 0.031464 0.985607 -0.166097
vn 0.029225 0.949290 0.313041
vn 0.010075 0.290382 0.956858
vn 0.026383 0.750345 0.660520
vn 0.006639 0.237286 0.971417
vn 0.033577 0.999436 0.000000
vn 0.034084 0.998299 0.047290
vn 0.033577 0.999436 0.000000
vn 0.033577 0.999436 0.000000
vn 0.266786 0.827787 0.493552
vn 0.008412 0.896792 0.442373
vn 0.008197 0.896834 0.442290
vn 0.262672 0.829467 0.492938
vn 0.000000 0.897886 0.440228
vn 0.000000 0.897899 0.440202
vn 0.000000 0.897899 0.440202
vn 0.000000 0.897898 0.440203
vn 0.000000 0.897886 0.440228
vn 0.000000 0.897886 0.440229
vn -0.008660 0.896746 0.442460
vn -0.359239 0.785108 0.504533
vn -0.008886 0.896701 0.442547
vn -0.364020 0.782610 0.504985
vn -0.938620 0.042197 0.342363
vn -0.938593 0.042388 0.342413
vn -0.945849 0.000000 0.324608
vn -0.945858 0.000000 0.324580
vn -0.945859 0.000000 0.324579
vn -0.945859 0.000000 0.324579
vn -0.945849 0.000000 0.324607
vn -0.945849 0.000000 0.324608
vn -0.934697 -0.038942 0.353305
vn -0.448265 -0.600717 0.661965
vn -0.934595 -0.039229 0.353544
vn -0.451796 -0.598638 0.661448
vn -0.012212 -0.758597 0.651446
vn -0.011932 -0.758657 0.651381
vn 0.000000 -0.760624 0.649193
vn 0.000000 -0.760635 0.649180
vn 0.000000 -0.760635 0.649180
vn 0.000000 -0.760635 0.649180
vn 0.000000 -0.760624 0.649193
vn 0.000000 -0.760624 0.649193
vn 0.011291 -0.758809 0.651216
vn 0.339506 -0.657475 0.672653
vn 0.011565 -0.758751 0.651278
vn 0.343026 -0.655818 0.672485
vn 0.928975 -0.056250 0.365844
vn 0.929095 -0.055935 0.365588
vn 0.945849 0.000000 0.324608
vn 0.945858 0.000000 0.324579
vn 0.945859 0.000000 0.324579
vn 0.945858 0.000000 0.324579
vn 0.945849 0.000000 0.324607
vn 0.945849 0.000000 0.324608
vn 0.934753 0.061001 0.350022
vn 0.934824 0.060623 0.349897
vn 0.003078 0.304461 0.952520
vn 0.103742 0.283315 0.953399
vn -0.000000 0.316569 0.948570
vn -0.000000 0.324551 0.945868
vn 0.000000 0.316198 0.948693
vn -0.003267 0.303157 0.952935
vn -0.146574 0.272416 0.950950
vn -0.795416 0.023091 0.605624
vn -0.836484 0.000000 0.547991
vn -0.854150 0.000000 0.520028
vn -0.832275 0.000000 0.554362
vn -0.737456 -0.035480 0.674462
vn -0.024874 -0.186981 0.982049
vn 0.020955 -0.471986 0.881357
vn 0.000000 -0.569910 0.821708
vn 0.000000 -0.539875 0.841745
vn 0.000000 -0.568709 0.822539
vn -0.018860 -0.467752 0.883658
vn 0.021147 -0.202744 0.979003
vn 0.712385 -0.046818 0.700226
vn 0.832275 0.000000 0.554362
vn 0.854150 0.000000 0.520027
vn 0.836484 0.000000 0.547991
vn 0.780124 0.033729 0.624715
s 1
g Alarme_incendie2
f 842/934/786 1179/1287/787 1378/1094/788 1182/1290/789
f 1179/1287/787 861/953/790 1180/1288/791 1378/1094/788
f 1378/1094/788 1180/1288/791 944/1052/792 1181/1289/793
f 1182/1290/789 1378/1094/788 1181/1289/793 945/1053/794
f 832/924/795 1183/1291/796 1379/1095/797 1186/1294/798
f 1183/1291/796 886/986/799 1184/1292/800 1379/1095/797
f 1379/1095/797 1184/1292/800 957/1065/801 1185/1293/802
f 1186/1294/798 1379/1095/797 1185/1293/802 958/1066/803
f 933/1041/804 1187/1295/805 1380/1096/806 1190/1298/807
f 1187/1295/805 934/1042/808 1188/1296/809 1380/1096/806
f 1380/1096/806 1188/1296/809 882/980/810 1189/1297/811
f 1190/1298/807 1380/1096/806 1189/1297/811 849/941/812
f 879/975/813 1191/1299/814 1381/1097/815 1194/1302/816
f 1191/1299/814 880/977/817 1192/1300/818 1381/1097/815
f 1381/1097/815 1192/1300/818 868/960/819 1193/1301/820
f 1194/1302/816 1381/1097/815 1193/1301/820 804/890/821
f 805/892/822 1195/1304/823 1382/1098/824 1198/1307/825
f 1195/1304/823 854/946/826 1196/1305/827 1382/1098/824
f 1382/1098/824 1196/1305/827 884/983/828 1197/1306/829
f 1198/1307/825 1382/1098/824 1197/1306/829 885/984/830
f 834/926/831 1199/1309/832 1383/1099/833 1202/1312/834
f 1199/1309/832 888/989/835 1200/1310/836 1383/1099/833
f 1383/1099/833 1200/1310/836 954/1062/837 1201/1311/838
f 1202/1312/834 1383/1099/833 1201/1311/838 955/1063/839
f 889/990/840 1203/1313/841 1384/1100/842 1206/1316/843
f 1203/1313/841 890/992/844 1204/1314/845 1384/1100/842
f 1384/1100/842 1204/1314/845 866/958/846 1205/1315/847
f 1206/1316/843 1384/1100/842 1205/1315/847 795/872/848
f 936/1044/849 1207/1318/850 1385/1101/851 1210/1321/852
f 1207/1318/850 937/1045/853 1208/1319/854 1385/1101/851
f 1385/1101/851 1208/1319/854 892/995/855 1209/1320/856
f 1210/1321/852 1385/1101/851 1209/1320/856 847/939/857
f 794/870/858 1211/1322/859 1386/1102/860 1214/1325/861
f 1211/1322/859 856/948/862 1212/1323/863 1386/1102/860
f 1386/1102/860 1212/1323/863 894/998/864 1213/1324/865
f 1214/1325/861 1386/1102/860 1213/1324/865 887/987/866
f 850/942/867 1215/1327/868 1387/1103/869 1218/1330/870
f 1215/1327/868 872/965/871 1216/1328/872 1387/1103/869
f 1387/1103/869 1216/1328/872 931/1039/873 1217/1329/874
f 1218/1330/870 1387/1103/869 1217/1329/874 932/1040/875
f 800/882/876 1219/1331/877 1388/1104/878 1222/1334/879
f 1219/1331/877 869/961/880 1220/1332/881 1388/1104/878
f 1388/1104/878 1220/1332/881 874/968/882 1221/1333/883
f 1222/1334/879 1388/1104/878 1221/1333/883 875/969/884
f 959/1067/885 1223/1336/886 1389/1105/887 1226/1339/888
f 1223/1336/886 960/1068/889 1224/1337/890 1389/1105/887
f 1389/1105/887 1224/1337/890 876/971/891 1225/1338/892
f 1226/1339/888 1389/1105/887 1225/1338/892 831/923/893
f 877/972/894 1227/1340/895 1390/1106/896 1230/1343/897
f 1227/1340/895 878/974/898 1228/1341/899 1390/1106/896
f 1390/1106/896 1228/1341/899 853/945/900 1229/1342/901
f 1230/1343/897 1390/1106/896 1229/1342/901 801/884/902
f 833/925/903 1231/1345/904 1391/1107/905 1233/1347/906
f 1231/1345/904 834/926/831 1202/1312/834 1391/1107/905
f 1391/1107/905 1202/1312/834 955/1063/839 1232/1346/907
f 1233/1347/906 1391/1107/905 1232/1346/907 956/1064/908
f 958/1066/803 1234/1348/909 1392/1108/910 1186/1294/798
f 1234/1348/909 959/1067/885 1226/1339/888 1392/1108/910
f 1392/1108/910 1226/1339/888 831/923/893 1235/1349/911
f 1186/1294/798 1392/1108/910 1235/1349/911 832/924/795
f 849/941/812 1236/1350/912 1393/1109/913 1190/1298/807
f 1236/1350/912 850/942/867 1218/1330/870 1393/1109/913
f 1393/1109/913 1218/1330/870 932/1040/875 1237/1351/914
f 1190/1298/807 1393/1109/913 1237/1351/914 933/1041/804
f 935/1043/915 1238/1352/916 1394/1110/917 1240/1354/918
f 1238/1352/916 936/1044/849 1210/1321/852 1394/1110/917
f 1394/1110/917 1210/1321/852 847/939/857 1239/1353/919
f 1240/1354/918 1394/1110/917 1239/1353/919 848/940/920
f 795/872/848 1205/1315/847 1395/1111/921 1243/1357/922
f 1205/1315/847 866/958/846 1241/1355/923 1395/1111/921
f 1395/1111/921 1241/1355/923 867/959/924 1242/1356/925
f 1243/1357/922 1395/1111/921 1242/1356/925 803/888/926
f 868/960/819 1244/1359/927 1396/1112/928 1193/1301/820
f 1244/1359/927 869/961/880 1219/1331/877 1396/1112/928
f 1396/1112/928 1219/1331/877 800/882/876 1245/1360/929
f 1193/1301/820 1396/1112/928 1245/1360/929 804/890/821
f 801/884/902 1229/1342/901 1397/1113/930 1247/1363/931
f 1229/1342/901 853/945/900 1246/1362/932 1397/1113/930
f 1397/1113/930 1246/1362/932 854/946/826 1195/1304/823
f 1247/1363/931 1397/1113/930 1195/1304/823 805/892/822
f 855/947/933 1248/1365/934 1398/1114/935 1250/1368/936
f 1248/1365/934 856/948/862 1211/1322/859 1398/1114/935
f 1398/1114/935 1211/1322/859 794/870/858 1249/1366/937
f 1250/1368/936 1398/1114/935 1249/1366/937 802/886/938
f 845/937/939 1251/1369/940 1399/1115/941 1254/1372/942
f 1251/1369/940 846/938/943 1252/1370/944 1399/1115/941
f 1399/1115/941 1252/1370/944 939/1047/945 1253/1371/946
f 1254/1372/942 1399/1115/941 1253/1371/946 940/1048/947
f 864/956/948 1255/1373/949 1400/1116/950 1258/1376/951
f 1255/1373/949 865/957/952 1256/1374/953 1400/1116/950
f 1400/1116/950 1256/1374/953 789/861/954 1257/1375/955
f 1258/1376/951 1400/1116/950 1257/1375/955 812/904/956
f 951/1059/957 1259/1377/958 1401/1117/959 1262/1380/960
f 1259/1377/958 952/1060/961 1260/1378/962 1401/1117/959
f 1401/1117/959 1260/1378/962 835/927/963 1261/1379/964
f 1262/1380/960 1401/1117/959 1261/1379/964 836/928/965
f 788/860/966 1263/1381/967 1402/1118/968 1266/1384/969
f 1263/1381/967 857/949/970 1264/1382/971 1402/1118/968
f 1402/1118/968 1264/1382/971 858/950/972 1265/1383/973
f 1266/1384/969 1402/1118/968 1265/1383/973 813/905/974
f 844/936/975 1267/1385/976 1403/1119/977 1269/1387/978
f 1267/1385/976 845/937/939 1254/1372/942 1403/1119/977
f 1403/1119/977 1254/1372/942 940/1048/947 1268/1386/979
f 1269/1387/978 1403/1119/977 1268/1386/979 941/1049/980
f 863/955/981 1270/1388/982 1404/1120/983 1272/1390/984
f 1270/1388/982 864/956/948 1258/1376/951 1404/1120/983
f 1404/1120/983 1258/1376/951 812/904/956 1271/1389/985
f 1272/1390/984 1404/1120/983 1271/1389/985 816/908/986
f 948/1056/987 1273/1391/988 1405/1121/989 1276/1394/990
f 1273/1391/988 949/1057/991 1274/1392/992 1405/1121/989
f 1405/1121/989 1274/1392/992 838/930/993 1275/1393/994
f 1276/1394/990 1405/1121/989 1275/1393/994 839/931/995
f 813/905/974 1265/1383/973 1406/1122/996 1279/1397/997
f 1265/1383/973 858/950/972 1277/1395/998 1406/1122/996
f 1406/1122/996 1277/1395/998 859/951/999 1278/1396/1000
f 1279/1397/997 1406/1122/996 1278/1396/1000 817/909/1001
f 843/935/1002 1280/1398/1003 1407/1123/1004 1283/1401/1005
f 1280/1398/1003 963/1071/1006 1281/1399/1007 1407/1123/1004
f 1407/1123/1004 1281/1399/1007 964/1072/1008 1282/1400/1009
f 1283/1401/1005 1407/1123/1004 1282/1400/1009 942/1050/1010
f 862/954/1011 1284/1402/1012 1408/1124/1013 1287/1405/1014
f 1284/1402/1012 967/1075/1015 1285/1403/1016 1408/1124/1013
f 1408/1124/1013 1285/1403/1016 968/1076/1017 1286/1404/1018
f 1287/1405/1014 1408/1124/1013 1286/1404/1018 820/912/1019
f 945/1053/794 1288/1406/1020 1409/1125/1021 1182/1290/789
f 1288/1406/1020 969/1077/1022 1289/1407/1023 1409/1125/1021
f 1409/1125/1021 1289/1407/1023 970/1078/1024 1290/1408/1025
f 1182/1290/789 1409/1125/1021 1290/1408/1025 842/934/786
f 971/1079/1026 1291/1409/1027 1410/1126/1028 1294/1412/1029
f 1291/1409/1027 972/1080/1030 1292/1410/1031 1410/1126/1028
f 1410/1126/1028 1292/1410/1031 860/952/1032 1293/1411/1033
f 1294/1412/1029 1410/1126/1028 1293/1411/1033 821/913/1034
f 950/1058/1035 1295/1413/1036 1411/1127/1037 1297/1415/1038
f 1295/1413/1036 951/1059/957 1262/1380/960 1411/1127/1037
f 1411/1127/1037 1262/1380/960 836/928/965 1296/1414/1039
f 1297/1415/1038 1411/1127/1037 1296/1414/1039 837/929/1040
f 813/905/974 1279/1397/997 1412/1128/1041 1300/1418/1042
f 1279/1397/997 817/909/1001 1298/1416/1043 1412/1128/1041
f 1412/1128/1041 1298/1416/1043 824/916/1044 1299/1417/1045
f 1300/1418/1042 1412/1128/1041 1299/1417/1045 822/914/1046
f 840/932/1047 1301/1419/1048 1413/1129/1049 1304/1422/1050
f 1301/1419/1048 841/933/1051 1302/1420/1052 1413/1129/1049
f 1413/1129/1049 1302/1420/1052 946/1054/1053 1303/1421/1054
f 1304/1422/1050 1413/1129/1049 1303/1421/1054 947/1055/1055
f 816/908/986 1271/1389/985 1414/1130/1056 1307/1425/1057
f 1271/1389/985 812/904/956 1305/1423/1058 1414/1130/1056
f 1414/1130/1056 1305/1423/1058 823/915/1059 1306/1424/1060
f 1307/1425/1057 1414/1130/1056 1306/1424/1060 825/917/1061
f 949/1057/991 1308/1426/1062 1415/1131/1063 1274/1392/992
f 1308/1426/1062 950/1058/1035 1297/1415/1038 1415/1131/1063
f 1415/1131/1063 1297/1415/1038 837/929/1040 1309/1427/1064
f 1274/1392/992 1415/1131/1063 1309/1427/1064 838/930/993
f 822/914/1046 1299/1417/1045 1416/1132/1065 1312/1430/1066
f 1299/1417/1045 824/916/1044 1310/1428/1067 1416/1132/1065
f 1416/1132/1065 1310/1428/1067 828/920/1068 1311/1429/1069
f 1312/1430/1066 1416/1132/1065 1311/1429/1069 826/918/1070
f 839/931/995 1313/1431/1071 1417/1133/1072 1276/1394/990
f 1313/1431/1071 840/932/1047 1304/1422/1050 1417/1133/1072
f 1417/1133/1072 1304/1422/1050 947/1055/1055 1314/1432/1073
f 1276/1394/990 1417/1133/1072 1314/1432/1073 948/1056/987
f 825/917/1061 1306/1424/1060 1418/1134/1074 1317/1435/1075
f 1306/1424/1060 823/915/1059 1315/1433/1076 1418/1134/1074
f 1418/1134/1074 1315/1433/1076 827/919/1077 1316/1434/1078
f 1317/1435/1075 1418/1134/1074 1316/1434/1078 829/921/1079
f 801/885/902 1318/1436/1080 1419/1135/1081 1230/1344/897
f 1318/1436/1080 831/923/893 1225/1338/892 1419/1135/1081
f 1419/1135/1081 1225/1338/892 876/971/891 1319/1437/1082
f 1230/1344/897 1419/1135/1081 1319/1437/1082 877/973/894
f 832/924/795 1235/1349/911 1420/1136/1083 1320/1438/1084
f 1235/1349/911 831/923/893 1318/1436/1080 1420/1136/1083
f 1420/1136/1083 1318/1436/1080 801/885/902 1247/1364/931
f 1320/1438/1084 1420/1136/1083 1247/1364/931 805/893/822
f 885/985/830 1321/1439/1085 1421/1137/1086 1198/1308/825
f 1321/1439/1085 886/986/799 1183/1291/796 1421/1137/1086
f 1421/1137/1086 1183/1291/796 832/924/795 1320/1438/1084
f 1198/1308/825 1421/1137/1086 1320/1438/1084 805/893/822
f 794/871/858 1322/1440/1087 1422/1138/1088 1249/1367/937
f 1322/1440/1087 834/926/831 1231/1345/904 1422/1138/1088
f 1422/1138/1088 1231/1345/904 833/925/903 1323/1441/1089
f 1249/1367/937 1422/1138/1088 1323/1441/1089 802/887/938
f 887/988/866 1324/1442/1090 1423/1139/1091 1214/1326/861
f 1324/1442/1090 888/989/835 1199/1309/832 1423/1139/1091
f 1423/1139/1091 1199/1309/832 834/926/831 1322/1440/1087
f 1214/1326/861 1423/1139/1091 1322/1440/1087 794/871/858
f 836/928/965 1261/1379/964 1424/1140/1092 1326/1444/1093
f 1261/1379/964 835/927/963 1325/1443/1094 1424/1140/1092
f 1424/1140/1092 1325/1443/1094 788/860/966 1266/1384/969
f 1326/1444/1093 1424/1140/1092 1266/1384/969 813/905/974
f 837/929/1040 1296/1414/1039 1425/1141/1095 1327/1445/1096
f 1296/1414/1039 836/928/965 1326/1444/1093 1425/1141/1095
f 1425/1141/1095 1326/1444/1093 813/905/974 1300/1418/1042
f 1327/1445/1096 1425/1141/1095 1300/1418/1042 822/914/1046
f 838/930/993 1309/1427/1064 1426/1142/1097 1328/1446/1098
f 1309/1427/1064 837/929/1040 1327/1445/1096 1426/1142/1097
f 1426/1142/1097 1327/1445/1096 822/914/1046 1312/1430/1066
f 1328/1446/1098 1426/1142/1097 1312/1430/1066 826/918/1070
f 839/931/995 1275/1393/994 1427/1143/1099 1329/1447/1100
f 1275/1393/994 838/930/993 1328/1446/1098 1427/1143/1099
f 1427/1143/1099 1328/1446/1098 826/918/1070 1311/1429/1069
f 1329/1447/1100 1427/1143/1099 1311/1429/1069 828/920/1068
f 824/916/1044 1330/1448/1101 1428/1144/1102 1310/1428/1067
f 1330/1448/1101 840/932/1047 1313/1431/1071 1428/1144/1102
f 1428/1144/1102 1313/1431/1071 839/931/995 1329/1447/1100
f 1310/1428/1067 1428/1144/1102 1329/1447/1100 828/920/1068
f 817/909/1001 1331/1449/1103 1429/1145/1104 1298/1416/1043
f 1331/1449/1103 841/933/1051 1301/1419/1048 1429/1145/1104
f 1429/1145/1104 1301/1419/1048 840/932/1047 1330/1448/1101
f 1298/1416/1043 1429/1145/1104 1330/1448/1101 824/916/1044
f 842/934/786 1290/1408/1025 1430/1146/1105 1333/1451/1106
f 1290/1408/1025 970/1078/1024 1332/1450/1107 1430/1146/1105
f 1430/1146/1105 1332/1450/1107 971/1079/1026 1294/1412/1029
f 1333/1451/1106 1430/1146/1105 1294/1412/1029 821/913/1034
f 860/952/1032 1334/1452/1108 1431/1147/1109 1293/1411/1033
f 1334/1452/1108 861/953/790 1179/1287/787 1431/1147/1109
f 1431/1147/1109 1179/1287/787 842/934/786 1333/1451/1106
f 1293/1411/1033 1431/1147/1109 1333/1451/1106 821/913/1034
f 962/1070/1110 1335/1453/1111 1432/1148/1112 1337/1455/1113
f 1335/1453/1111 963/1071/1006 1280/1398/1003 1432/1148/1112
f 1432/1148/1112 1280/1398/1003 843/935/1002 1336/1454/1114
f 1337/1455/1113 1432/1148/1112 1336/1454/1114 818/910/1115
f 810/902/1116 1338/1456/1117 1433/1149/1118 1340/1458/1119
f 1338/1456/1117 845/937/939 1267/1385/976 1433/1149/1118
f 1433/1149/1118 1267/1385/976 844/936/975 1339/1457/1120
f 1340/1458/1119 1433/1149/1118 1339/1457/1120 814/906/1121
f 786/858/1122 1341/1459/1123 1434/1150/1124 1342/1460/1125
f 1341/1459/1123 846/938/943 1251/1369/940 1434/1150/1124
f 1434/1150/1124 1251/1369/940 845/937/939 1338/1456/1117
f 1342/1460/1125 1434/1150/1124 1338/1456/1117 810/902/1116
f 797/876/1126 1343/1461/1127 1435/1151/1128 1345/1463/1129
f 1343/1461/1127 847/939/857 1209/1320/856 1435/1151/1128
f 1435/1151/1128 1209/1320/856 892/995/855 1344/1462/1130
f 1345/1463/1129 1435/1151/1128 1344/1462/1130 893/996/1131
f 848/940/920 1239/1353/919 1436/1152/1132 1347/1467/1133
f 1239/1353/919 847/939/857 1343/1461/1127 1436/1152/1132
f 1436/1152/1132 1343/1461/1127 797/876/1126 1346/1465/1134
f 1347/1467/1133 1436/1152/1132 1346/1465/1134 809/900/1135
f 806/894/1136 1348/1468/1137 1437/1153/1138 1350/1470/1139
f 1348/1468/1137 849/941/812 1189/1297/811 1437/1153/1138
f 1437/1153/1138 1189/1297/811 882/980/810 1349/1469/1140
f 1350/1470/1139 1437/1153/1138 1349/1469/1140 883/981/1141
f 798/878/1142 1351/1472/1143 1438/1154/1144 1352/1473/1145
f 1351/1472/1143 850/942/867 1236/1350/912 1438/1154/1144
f 1438/1154/1144 1236/1350/912 849/941/812 1348/1468/1137
f 1352/1473/1145 1438/1154/1144 1348/1468/1137 806/894/1136
f 871/963/1146 1353/1475/1147 1439/1155/1148 1354/1476/1149
f 1353/1475/1147 872/965/871 1215/1327/868 1439/1155/1148
f 1439/1155/1148 1215/1327/868 850/942/867 1351/1472/1143
f 1354/1476/1149 1439/1155/1148 1351/1472/1143 798/878/1142
f 878/974/898 1355/1478/1150 1440/1156/1151 1228/1341/899
f 1355/1478/1150 904/1012/1152 1356/1479/1153 1440/1156/1151
f 1440/1156/1151 1356/1479/1153 905/1013/1154 1357/1480/1155
f 1228/1341/899 1440/1156/1151 1357/1480/1155 853/945/900
f 854/946/826 1246/1362/932 1441/1157/1156 1359/1482/1157
f 1246/1362/932 853/945/900 1357/1480/1155 1441/1157/1156
f 1441/1157/1156 1357/1480/1155 905/1013/1154 1358/1481/1158
f 1359/1482/1157 1441/1157/1156 1358/1481/1158 906/1014/1159
f 906/1014/1159 1360/1483/1160 1442/1158/1161 1359/1482/1157
f 1360/1483/1160 907/1015/1162 1361/1484/1163 1442/1158/1161
f 1442/1158/1161 1361/1484/1163 884/983/828 1196/1305/827
f 1359/1482/1157 1442/1158/1161 1196/1305/827 854/946/826
f 908/1016/1164 1362/1485/1165 1443/1159/1166 1364/1487/1167
f 1362/1485/1165 909/1017/1168 1363/1486/1169 1443/1159/1166
f 1443/1159/1166 1363/1486/1169 856/948/862 1248/1365/934
f 1364/1487/1167 1443/1159/1166 1248/1365/934 855/947/933
f 909/1017/1168 1365/1488/1170 1444/1160/1171 1363/1486/1169
f 1365/1488/1170 910/1018/1172 1366/1489/1173 1444/1160/1171
f 1444/1160/1171 1366/1489/1173 894/998/864 1212/1323/863
f 1363/1486/1169 1444/1160/1171 1212/1323/863 856/948/862
f 858/950/972 1264/1382/971 1445/1161/1174 1369/1492/1175
f 1264/1382/971 857/949/970 1367/1490/1176 1445/1161/1174
f 1445/1161/1174 1367/1490/1176 912/1020/1177 1368/1491/1178
f 1369/1492/1175 1445/1161/1174 1368/1491/1178 913/1021/1179
f 859/951/999 1277/1395/998 1446/1162/1180 1371/1494/1181
f 1277/1395/998 858/950/972 1369/1492/1175 1446/1162/1180
f 1446/1162/1180 1369/1492/1175 913/1021/1179 1370/1493/1182
f 1371/1494/1181 1446/1162/1180 1370/1493/1182 914/1022/1183
f 860/952/1032 1292/1410/1031 1447/1163/1184 1374/1497/1185
f 1292/1410/1031 972/1080/1030 1372/1495/1186 1447/1163/1184
f 1447/1163/1184 1372/1495/1186 973/1081/1187 1373/1496/1188
f 1374/1497/1185 1447/1163/1184 1373/1496/1188 915/1023/1189
f 915/1023/1189 1375/1498/1190 1448/1164/1191 1374/1497/1185
f 1375/1498/1190 916/1024/1192 1376/1499/1193 1448/1164/1191
f 1448/1164/1191 1376/1499/1193 861/953/790 1334/1452/1108
f 1374/1497/1185 1448/1164/1191 1334/1452/1108 860/952/1032
f 943/1051/1194 1377/1500/1195 1449/1165/1196 986/1501/1197
f 1377/1500/1195 944/1052/792 1180/1288/791 1449/1165/1196
f 1449/1165/1196 1180/1288/791 861/953/790 1376/1499/1193
f 986/1501/1197 1449/1165/1196 1376/1499/1193 916/1024/1192
f 917/1025/1198 987/1502/1199 1450/1166/1200 989/1504/1201
f 987/1502/1199 966/1074/1202 988/1503/1203 1450/1166/1200
f 1450/1166/1200 988/1503/1203 967/1075/1015 1284/1402/1012
f 989/1504/1201 1450/1166/1200 1284/1402/1012 862/954/1011
f 918/1026/1204 990/1505/1205 1451/1167/1206 992/1507/1207
f 990/1505/1205 919/1027/1208 991/1506/1209 1451/1167/1206
f 1451/1167/1206 991/1506/1209 864/956/948 1270/1388/982
f 992/1507/1207 1451/1167/1206 1270/1388/982 863/955/981
f 919/1027/1208 993/1508/1210 1452/1168/1211 991/1506/1209
f 993/1508/1210 920/1028/1212 994/1509/1213 1452/1168/1211
f 1452/1168/1211 994/1509/1213 865/957/952 1255/1373/949
f 991/1506/1209 1452/1168/1211 1255/1373/949 864/956/948
f 890/992/844 995/1510/1214 1453/1169/1215 1204/1314/845
f 995/1510/1214 922/1030/1216 996/1511/1217 1453/1169/1215
f 1453/1169/1215 996/1511/1217 923/1031/1218 997/1512/1219
f 1204/1314/845 1453/1169/1215 997/1512/1219 866/958/846
f 867/959/924 1241/1355/923 1454/1170/1220 999/1514/1221
f 1241/1355/923 866/958/846 997/1512/1219 1454/1170/1220
f 1454/1170/1220 997/1512/1219 923/1031/1218 998/1513/1222
f 999/1514/1221 1454/1170/1220 998/1513/1222 924/1032/1223
f 868/960/819 1192/1300/818 1455/1171/1224 1002/1517/1225
f 1192/1300/818 880/977/817 1000/1515/1226 1455/1171/1224
f 1455/1171/1224 1000/1515/1226 925/1033/1227 1001/1516/1228
f 1002/1517/1225 1455/1171/1224 1001/1516/1228 926/1034/1229
f 926/1034/1229 1003/1518/1230 1456/1172/1231 1002/1517/1225
f 1003/1518/1230 927/1035/1232 1004/1519/1233 1456/1172/1231
f 1456/1172/1231 1004/1519/1233 869/961/880 1244/1359/927
f 1002/1517/1225 1456/1172/1231 1244/1359/927 868/960/819
f 927/1035/1232 1005/1520/1234 1457/1173/1235 1004/1519/1233
f 1005/1520/1234 928/1036/1236 1006/1521/1237 1457/1173/1235
f 1457/1173/1235 1006/1521/1237 874/968/882 1220/1332/881
f 1004/1519/1233 1457/1173/1235 1220/1332/881 869/961/880
f 792/866/1238 1007/1522/1239 1458/1174/1240 1009/1524/1241
f 1007/1522/1239 851/943/1242 1008/1523/1243 1458/1174/1240
f 1458/1174/1240 1008/1523/1243 872/965/871 1353/1475/1147
f 1009/1524/1241 1458/1174/1240 1353/1475/1147 871/963/1146
f 930/1038/1244 1010/1526/1245 1459/1175/1246 1011/1527/1247
f 1010/1526/1245 931/1039/873 1216/1328/872 1459/1175/1246
f 1459/1175/1246 1216/1328/872 872/965/871 1008/1523/1243
f 1011/1527/1247 1459/1175/1246 1008/1523/1243 851/943/1242
f 870/962/1248 1012/1528/1249 1460/1176/1250 1014/1530/1251
f 1012/1528/1249 874/968/882 1006/1521/1237 1460/1176/1250
f 1460/1176/1250 1006/1521/1237 928/1036/1236 1013/1529/1252
f 1014/1530/1251 1460/1176/1250 1013/1529/1252 929/1037/1253
f 875/969/884 1221/1333/883 1461/1177/1254 1016/1532/1255
f 1221/1333/883 874/968/882 1012/1528/1249 1461/1177/1254
f 1461/1177/1254 1012/1528/1249 870/962/1248 1015/1531/1256
f 1016/1532/1255 1461/1177/1254 1015/1531/1256 791/865/1257
f 830/922/1258 1017/1534/1259 1462/1178/1260 1019/1536/1261
f 1017/1534/1259 876/971/891 1224/1337/890 1462/1178/1260
f 1462/1178/1260 1224/1337/890 960/1068/889 1018/1535/1262
f 1019/1536/1261 1462/1178/1260 1018/1535/1262 961/1069/1263
f 877/973/894 1319/1437/1082 1463/1179/1264 1021/1538/1265
f 1319/1437/1082 876/971/891 1017/1534/1259 1463/1179/1264
f 1463/1179/1264 1017/1534/1259 830/922/1258 1020/1537/1266
f 1021/1538/1265 1463/1179/1264 1020/1537/1266 790/863/1267
f 852/944/1268 1022/1540/1269 1464/1180/1270 1023/1541/1271
f 1022/1540/1269 878/974/898 1227/1340/895 1464/1180/1270
f 1464/1180/1270 1227/1340/895 877/972/894 1021/1539/1265
f 1023/1541/1271 1464/1180/1270 1021/1539/1265 790/862/1267
f 903/1011/1272 1024/1542/1273 1465/1181/1274 1025/1543/1275
f 1024/1542/1273 904/1012/1152 1355/1478/1150 1465/1181/1274
f 1465/1181/1274 1355/1478/1150 878/974/898 1022/1540/1269
f 1025/1543/1275 1465/1181/1274 1022/1540/1269 852/944/1268
f 803/888/926 1242/1356/925 1466/1182/1276 1027/1545/1277
f 1242/1356/925 867/959/924 1026/1544/1278 1466/1182/1276
f 1466/1182/1276 1026/1544/1278 880/977/817 1191/1299/814
f 1027/1545/1277 1466/1182/1276 1191/1299/814 879/975/813
f 924/1032/1223 1028/1547/1279 1467/1183/1280 999/1514/1221
f 1028/1547/1279 925/1033/1227 1000/1515/1226 1467/1183/1280
f 1467/1183/1280 1000/1515/1226 880/977/817 1026/1544/1278
f 999/1514/1221 1467/1183/1280 1026/1544/1278 867/959/924
f 848/940/920 1029/1548/1281 1468/1184/1282 1240/1354/918
f 1029/1548/1281 882/980/810 1188/1296/809 1468/1184/1282
f 1468/1184/1282 1188/1296/809 934/1042/808 1030/1549/1283
f 1240/1354/918 1468/1184/1282 1030/1549/1283 935/1043/915
f 883/981/1141 1349/1469/1140 1469/1185/1284 1031/1550/1285
f 1349/1469/1140 882/980/810 1029/1548/1281 1469/1185/1284
f 1469/1185/1284 1029/1548/1281 848/940/920 1347/1467/1133
f 1031/1550/1285 1469/1185/1284 1347/1467/1133 809/900/1135
f 855/947/933 1032/1552/1286 1470/1186/1287 1364/1487/1167
f 1032/1552/1286 884/983/828 1361/1484/1163 1470/1186/1287
f 1470/1186/1287 1361/1484/1163 907/1015/1162 1033/1553/1288
f 1364/1487/1167 1470/1186/1287 1033/1553/1288 908/1016/1164
f 885/984/830 1197/1306/829 1471/1187/1289 1034/1554/1290
f 1197/1306/829 884/983/828 1032/1552/1286 1471/1187/1289
f 1471/1187/1289 1032/1552/1286 855/947/933 1250/1368/936
f 1034/1554/1290 1471/1187/1289 1250/1368/936 802/886/938
f 802/887/938 1323/1441/1089 1472/1188/1291 1034/1555/1290
f 1323/1441/1089 833/925/903 1035/1556/1292 1472/1188/1291
f 1472/1188/1291 1035/1556/1292 886/986/799 1321/1439/1085
f 1034/1555/1290 1472/1188/1291 1321/1439/1085 885/985/830
f 956/1064/908 1036/1557/1293 1473/1189/1294 1233/1347/906
f 1036/1557/1293 957/1065/801 1184/1292/800 1473/1189/1294
f 1473/1189/1294 1184/1292/800 886/986/799 1035/1556/1292
f 1233/1347/906 1473/1189/1294 1035/1556/1292 833/925/903
f 895/999/1295 1037/1558/1296 1474/1190/1297 1039/1560/1298
f 1037/1558/1296 896/1001/1299 1038/1559/1300 1474/1190/1297
f 1474/1190/1297 1038/1559/1300 888/989/835 1324/1442/1090
f 1039/1560/1298 1474/1190/1297 1324/1442/1090 887/988/866
f 953/1061/1301 1040/1562/1302 1475/1191/1303 1041/1563/1304
f 1040/1562/1302 954/1062/837 1200/1310/836 1475/1191/1303
f 1475/1191/1303 1200/1310/836 888/989/835 1038/1559/1300
f 1041/1563/1304 1475/1191/1303 1038/1559/1300 896/1001/1299
f 897/1002/1305 1042/1564/1306 1476/1192/1307 1044/1566/1308
f 1042/1564/1306 898/1004/1309 1043/1565/1310 1476/1192/1307
f 1476/1192/1307 1043/1565/1310 890/992/844 1203/1313/841
f 1044/1566/1308 1476/1192/1307 1203/1313/841 889/990/840
f 898/1004/1309 1045/1568/1311 1477/1193/1312 1043/1565/1310
f 1045/1568/1311 921/1029/1313 1046/1569/1314 1477/1193/1312
f 1477/1193/1312 1046/1569/1314 922/1030/1216 995/1510/1214
f 1043/1565/1310 1477/1193/1312 995/1510/1214 890/992/844
f 937/1045/853 1047/1570/1315 1478/1194/1316 1208/1319/854
f 1047/1570/1315 938/1046/1317 1048/1571/1318 1478/1194/1316
f 1478/1194/1316 1048/1571/1318 900/1007/1319 1049/1572/1320
f 1208/1319/854 1478/1194/1316 1049/1572/1320 892/995/855
f 893/996/1131 1344/1462/1130 1479/1195/1321 1051/1574/1322
f 1344/1462/1130 892/995/855 1049/1572/1320 1479/1195/1321
f 1479/1195/1321 1049/1572/1320 900/1007/1319 1050/1573/1323
f 1051/1574/1322 1479/1195/1321 1050/1573/1323 901/1008/1324
f 910/1018/1172 1052/1576/1325 1480/1196/1326 1366/1489/1173
f 1052/1576/1325 911/1019/1327 1053/1577/1328 1480/1196/1326
f 1480/1196/1326 1053/1577/1328 902/1010/1329 1054/1578/1330
f 1366/1489/1173 1480/1196/1326 1054/1578/1330 894/998/864
f 887/987/866 1213/1324/865 1481/1197/1331 1039/1561/1298
f 1213/1324/865 894/998/864 1054/1578/1330 1481/1197/1331
f 1481/1197/1331 1054/1578/1330 902/1010/1329 1055/1579/1332
f 1039/1561/1298 1481/1197/1331 1055/1579/1332 895/1000/1295
f 788/860/966 1325/1443/1094 1482/1198/1333 1057/1581/1334
f 1325/1443/1094 835/927/963 1056/1580/1335 1482/1198/1333
f 1482/1198/1333 1056/1580/1335 896/1001/1299 1037/1558/1296
f 1057/1581/1334 1482/1198/1333 1037/1558/1296 895/999/1295
f 952/1060/961 1058/1583/1336 1483/1199/1337 1260/1378/962
f 1058/1583/1336 953/1061/1301 1041/1563/1304 1483/1199/1337
f 1483/1199/1337 1041/1563/1304 896/1001/1299 1056/1580/1335
f 1260/1378/962 1483/1199/1337 1056/1580/1335 835/927/963
f 865/957/952 1059/1584/1338 1484/1200/1339 1256/1374/953
f 1059/1584/1338 898/1004/1309 1042/1564/1306 1484/1200/1339
f 1484/1200/1339 1042/1564/1306 897/1002/1305 1060/1585/1340
f 1256/1374/953 1484/1200/1339 1060/1585/1340 789/861/954
f 920/1028/1212 1061/1587/1341 1485/1201/1342 994/1509/1213
f 1061/1587/1341 921/1029/1313 1045/1568/1311 1485/1201/1342
f 1485/1201/1342 1045/1568/1311 898/1004/1309 1059/1584/1338
f 994/1509/1213 1485/1201/1342 1059/1584/1338 865/957/952
f 846/938/943 1062/1588/1343 1486/1202/1344 1252/1370/944
f 1062/1588/1343 900/1007/1319 1048/1571/1318 1486/1202/1344
f 1486/1202/1344 1048/1571/1318 938/1046/1317 1063/1589/1345
f 1252/1370/944 1486/1202/1344 1063/1589/1345 939/1047/945
f 901/1008/1324 1050/1573/1323 1487/1203/1346 1064/1590/1347
f 1050/1573/1323 900/1007/1319 1062/1588/1343 1487/1203/1346
f 1487/1203/1346 1062/1588/1343 846/938/943 1341/1459/1123
f 1064/1590/1347 1487/1203/1346 1341/1459/1123 786/858/1122
f 857/949/970 1065/1592/1348 1488/1204/1349 1367/1490/1176
f 1065/1592/1348 902/1010/1329 1053/1577/1328 1488/1204/1349
f 1488/1204/1349 1053/1577/1328 911/1019/1327 1066/1593/1350
f 1367/1490/1176 1488/1204/1349 1066/1593/1350 912/1020/1177
f 895/1000/1295 1055/1579/1332 1489/1205/1351 1057/1582/1334
f 1055/1579/1332 902/1010/1329 1065/1592/1348 1489/1205/1351
f 1489/1205/1351 1065/1592/1348 857/949/970 1263/1381/967
f 1057/1582/1334 1489/1205/1351 1263/1381/967 788/860/966
f 792/867/1238 1009/1525/1241 1490/1206/1352 1068/1595/1353
f 1009/1525/1241 871/964/1146 1067/1594/1354 1490/1206/1352
f 1490/1206/1352 1067/1594/1354 904/1012/1152 1024/1542/1273
f 1068/1595/1353 1490/1206/1352 1024/1542/1273 903/1011/1272
f 905/1013/1154 1356/1479/1153 1491/1207/1355 1069/1596/1356
f 1356/1479/1153 904/1012/1152 1067/1594/1354 1491/1207/1355
f 1491/1207/1355 1067/1594/1354 871/964/1146 1354/1477/1149
f 1069/1596/1356 1491/1207/1355 1354/1477/1149 798/879/1142
f 906/1014/1159 1358/1481/1158 1492/1208/1357 1070/1597/1358
f 1358/1481/1158 905/1013/1154 1069/1596/1356 1492/1208/1357
f 1492/1208/1357 1069/1596/1356 798/879/1142 1352/1474/1145
f 1070/1597/1358 1492/1208/1357 1352/1474/1145 806/895/1136
f 883/982/1141 1071/1598/1359 1493/1209/1360 1350/1471/1139
f 1071/1598/1359 907/1015/1162 1360/1483/1160 1493/1209/1360
f 1493/1209/1360 1360/1483/1160 906/1014/1159 1070/1597/1358
f 1350/1471/1139 1493/1209/1360 1070/1597/1358 806/895/1136
f 908/1016/1164 1033/1553/1288 1494/1210/1361 1072/1599/1362
f 1033/1553/1288 907/1015/1162 1071/1598/1359 1494/1210/1361
f 1494/1210/1361 1071/1598/1359 883/982/1141 1031/1551/1285
f 1072/1599/1362 1494/1210/1361 1031/1551/1285 809/901/1135
f 797/877/1126 1073/1600/1363 1495/1211/1364 1346/1466/1134
f 1073/1600/1363 909/1017/1168 1362/1485/1165 1495/1211/1364
f 1495/1211/1364 1362/1485/1165 908/1016/1164 1072/1599/1362
f 1346/1466/1134 1495/1211/1364 1072/1599/1362 809/901/1135
f 893/997/1131 1074/1601/1365 1496/1212/1366 1345/1464/1129
f 1074/1601/1365 910/1018/1172 1365/1488/1170 1496/1212/1366
f 1496/1212/1366 1365/1488/1170 909/1017/1168 1073/1600/1363
f 1345/1464/1129 1496/1212/1366 1073/1600/1363 797/877/1126
f 901/1009/1324 1075/1602/1367 1497/1213/1368 1051/1575/1322
f 1075/1602/1367 911/1019/1327 1052/1576/1325 1497/1213/1368
f 1497/1213/1368 1052/1576/1325 910/1018/1172 1074/1601/1365
f 1051/1575/1322 1497/1213/1368 1074/1601/1365 893/997/1131
f 912/1020/1177 1066/1593/1350 1498/1214/1369 1076/1603/1370
f 1066/1593/1350 911/1019/1327 1075/1602/1367 1498/1214/1369
f 1498/1214/1369 1075/1602/1367 901/1009/1324 1064/1591/1347
f 1076/1603/1370 1498/1214/1369 1064/1591/1347 786/858/1122
f 913/1021/1179 1368/1491/1178 1499/1215/1371 1077/1604/1372
f 1368/1491/1178 912/1020/1177 1076/1603/1370 1499/1215/1371
f 1499/1215/1371 1076/1603/1370 786/858/1122 1342/1460/1125
f 1077/1604/1372 1499/1215/1371 1342/1460/1125 810/902/1116
f 914/1022/1183 1370/1493/1182 1500/1216/1373 1078/1605/1374
f 1370/1493/1182 913/1021/1179 1077/1604/1372 1500/1216/1373
f 1500/1216/1373 1077/1604/1372 810/902/1116 1340/1458/1119
f 1078/1605/1374 1500/1216/1373 1340/1458/1119 814/906/1121
f 915/1023/1189 1373/1496/1188 1501/1217/1375 1080/1607/1376
f 1373/1496/1188 973/1081/1187 1079/1606/1377 1501/1217/1375
f 1501/1217/1375 1079/1606/1377 962/1070/1110 1337/1455/1113
f 1080/1607/1376 1501/1217/1375 1337/1455/1113 818/910/1115
f 818/910/1115 1336/1454/1114 1502/1218/1378 1080/1607/1376
f 1336/1454/1114 843/935/1002 1081/1608/1379 1502/1218/1378
f 1502/1218/1378 1081/1608/1379 916/1024/1192 1375/1498/1190
f 1080/1607/1376 1502/1218/1378 1375/1498/1190 915/1023/1189
f 942/1050/1010 1082/1609/1380 1503/1219/1381 1283/1401/1005
f 1082/1609/1380 943/1051/1194 986/1501/1197 1503/1219/1381
f 1503/1219/1381 986/1501/1197 916/1024/1192 1081/1608/1379
f 1283/1401/1005 1503/1219/1381 1081/1608/1379 843/935/1002
f 965/1073/1382 1083/1610/1383 1504/1220/1384 1085/1612/1385
f 1083/1610/1383 966/1074/1202 987/1502/1199 1504/1220/1384
f 1504/1220/1384 987/1502/1199 917/1025/1198 1084/1611/1386
f 1085/1612/1385 1504/1220/1384 1084/1611/1386 819/911/1387
f 811/903/1388 1086/1613/1389 1505/1221/1390 1088/1615/1391
f 1086/1613/1389 919/1027/1208 990/1505/1205 1505/1221/1390
f 1505/1221/1390 990/1505/1205 918/1026/1204 1087/1614/1392
f 1088/1615/1391 1505/1221/1390 1087/1614/1392 815/907/1393
f 787/859/1394 1089/1616/1395 1506/1222/1396 1090/1617/1397
f 1089/1616/1395 920/1028/1212 993/1508/1210 1506/1222/1396
f 1506/1222/1396 993/1508/1210 919/1027/1208 1086/1613/1389
f 1090/1617/1397 1506/1222/1396 1086/1613/1389 811/903/1388
f 787/859/1394 1091/1618/1398 1507/1223/1399 1089/1616/1395
f 1091/1618/1398 899/1005/1400 1092/1620/1401 1507/1223/1399
f 1507/1223/1399 1092/1620/1401 921/1029/1313 1061/1587/1341
f 1089/1616/1395 1507/1223/1399 1061/1587/1341 920/1028/1212
f 922/1030/1216 1046/1569/1314 1508/1224/1402 1094/1623/1403
f 1046/1569/1314 921/1029/1313 1092/1620/1401 1508/1224/1402
f 1508/1224/1402 1092/1620/1401 899/1005/1400 1093/1621/1404
f 1094/1623/1403 1508/1224/1402 1093/1621/1404 891/993/1405
f 923/1031/1218 996/1511/1217 1509/1225/1406 1096/1626/1407
f 996/1511/1217 922/1030/1216 1094/1623/1403 1509/1225/1406
f 1509/1225/1406 1094/1623/1403 891/993/1405 1095/1624/1408
f 1096/1626/1407 1509/1225/1406 1095/1624/1408 796/874/1409
f 924/1032/1223 998/1513/1222 1510/1226/1410 1098/1629/1411
f 998/1513/1222 923/1031/1218 1096/1626/1407 1510/1226/1410
f 1510/1226/1410 1096/1626/1407 796/874/1409 1097/1627/1412
f 1098/1629/1411 1510/1226/1410 1097/1627/1412 808/898/1413
f 881/978/1414 1099/1630/1415 1511/1227/1416 1100/1631/1417
f 1099/1630/1415 925/1033/1227 1028/1547/1279 1511/1227/1416
f 1511/1227/1416 1028/1547/1279 924/1032/1223 1098/1629/1411
f 1100/1631/1417 1511/1227/1416 1098/1629/1411 808/898/1413
f 926/1034/1229 1001/1516/1228 1512/1228/1418 1102/1635/1419
f 1001/1516/1228 925/1033/1227 1099/1630/1415 1512/1228/1418
f 1512/1228/1418 1099/1630/1415 881/978/1414 1101/1633/1420
f 1102/1635/1419 1512/1228/1418 1101/1633/1420 807/896/1421
f 799/880/1422 1103/1636/1423 1513/1229/1424 1104/1637/1425
f 1103/1636/1423 927/1035/1232 1003/1518/1230 1513/1229/1424
f 1513/1229/1424 1003/1518/1230 926/1034/1229 1102/1635/1419
f 1104/1637/1425 1513/1229/1424 1102/1635/1419 807/896/1421
f 873/966/1426 1105/1639/1427 1514/1230/1428 1106/1640/1429
f 1105/1639/1427 928/1036/1236 1005/1520/1234 1514/1230/1428
f 1514/1230/1428 1005/1520/1234 927/1035/1232 1103/1636/1423
f 1106/1640/1429 1514/1230/1428 1103/1636/1423 799/880/1422
f 929/1037/1253 1013/1529/1252 1515/1231/1430 1108/1644/1431
f 1013/1529/1252 928/1036/1236 1105/1639/1427 1515/1231/1430
f 1515/1231/1430 1105/1639/1427 873/966/1426 1107/1642/1432
f 1108/1644/1431 1515/1231/1430 1107/1642/1432 793/868/1433
f 873/967/1426 1109/1645/1434 1516/1232/1435 1107/1643/1432
f 1109/1645/1434 931/1039/873 1010/1526/1245 1516/1232/1435
f 1516/1232/1435 1010/1526/1245 930/1038/1244 1110/1646/1436
f 1107/1643/1432 1516/1232/1435 1110/1646/1436 793/869/1433
f 932/1040/875 1217/1329/874 1517/1233/1437 1111/1647/1438
f 1217/1329/874 931/1039/873 1109/1645/1434 1517/1233/1437
f 1517/1233/1437 1109/1645/1434 873/967/1426 1106/1641/1429
f 1111/1647/1438 1517/1233/1437 1106/1641/1429 799/881/1422
f 933/1041/804 1237/1351/914 1518/1234/1439 1112/1648/1440
f 1237/1351/914 932/1040/875 1111/1647/1438 1518/1234/1439
f 1518/1234/1439 1111/1647/1438 799/881/1422 1104/1638/1425
f 1112/1648/1440 1518/1234/1439 1104/1638/1425 807/897/1421
f 881/979/1414 1113/1649/1441 1519/1235/1442 1101/1634/1420
f 1113/1649/1441 934/1042/808 1187/1295/805 1519/1235/1442
f 1519/1235/1442 1187/1295/805 933/1041/804 1112/1648/1440
f 1101/1634/1420 1519/1235/1442 1112/1648/1440 807/897/1421
f 935/1043/915 1030/1549/1283 1520/1236/1443 1114/1650/1444
f 1030/1549/1283 934/1042/808 1113/1649/1441 1520/1236/1443
f 1520/1236/1443 1113/1649/1441 881/979/1414 1100/1632/1417
f 1114/1650/1444 1520/1236/1443 1100/1632/1417 808/899/1413
f 796/875/1409 1115/1651/1445 1521/1237/1446 1097/1628/1412
f 1115/1651/1445 936/1044/849 1238/1352/916 1521/1237/1446
f 1521/1237/1446 1238/1352/916 935/1043/915 1114/1650/1444
f 1097/1628/1412 1521/1237/1446 1114/1650/1444 808/899/1413
f 891/994/1405 1116/1652/1447 1522/1238/1448 1095/1625/1408
f 1116/1652/1447 937/1045/853 1207/1318/850 1522/1238/1448
f 1522/1238/1448 1207/1318/850 936/1044/849 1115/1651/1445
f 1095/1625/1408 1522/1238/1448 1115/1651/1445 796/875/1409
f 899/1006/1400 1117/1653/1449 1523/1239/1450 1093/1622/1404
f 1117/1653/1449 938/1046/1317 1047/1570/1315 1523/1239/1450
f 1523/1239/1450 1047/1570/1315 937/1045/853 1116/1652/1447
f 1093/1622/1404 1523/1239/1450 1116/1652/1447 891/994/1405
f 939/1047/945 1063/1589/1345 1524/1240/1451 1118/1654/1452
f 1063/1589/1345 938/1046/1317 1117/1653/1449 1524/1240/1451
f 1524/1240/1451 1117/1653/1449 899/1006/1400 1091/1619/1398
f 1118/1654/1452 1524/1240/1451 1091/1619/1398 787/859/1394
f 940/1048/947 1253/1371/946 1525/1241/1453 1119/1655/1454
f 1253/1371/946 939/1047/945 1118/1654/1452 1525/1241/1453
f 1525/1241/1453 1118/1654/1452 787/859/1394 1090/1617/1397
f 1119/1655/1454 1525/1241/1453 1090/1617/1397 811/903/1388
f 941/1049/980 1268/1386/979 1526/1242/1455 1120/1656/1456
f 1268/1386/979 940/1048/947 1119/1655/1454 1526/1242/1455
f 1526/1242/1455 1119/1655/1454 811/903/1388 1088/1615/1391
f 1120/1656/1456 1526/1242/1455 1088/1615/1391 815/907/1393
f 942/1050/1010 1282/1400/1009 1527/1243/1457 1122/1658/1458
f 1282/1400/1009 964/1072/1008 1121/1657/1459 1527/1243/1457
f 1527/1243/1457 1121/1657/1459 965/1073/1382 1085/1612/1385
f 1122/1658/1458 1527/1243/1457 1085/1612/1385 819/911/1387
f 917/1025/1198 1123/1659/1460 1528/1244/1461 1084/1611/1386
f 1123/1659/1460 943/1051/1194 1082/1609/1380 1528/1244/1461
f 1528/1244/1461 1082/1609/1380 942/1050/1010 1122/1658/1458
f 1084/1611/1386 1528/1244/1461 1122/1658/1458 819/911/1387
f 862/954/1011 1124/1660/1462 1529/1245/1463 989/1504/1201
f 1124/1660/1462 944/1052/792 1377/1500/1195 1529/1245/1463
f 1529/1245/1463 1377/1500/1195 943/1051/1194 1123/1659/1460
f 989/1504/1201 1529/1245/1463 1123/1659/1460 917/1025/1198
f 945/1053/794 1181/1289/793 1530/1246/1464 1125/1661/1465
f 1181/1289/793 944/1052/792 1124/1660/1462 1530/1246/1464
f 1530/1246/1464 1124/1660/1462 862/954/1011 1287/1405/1014
f 1125/1661/1465 1530/1246/1464 1287/1405/1014 820/912/1019
f 968/1076/1017 1126/1662/1466 1531/1247/1467 1286/1404/1018
f 1126/1662/1466 969/1077/1022 1288/1406/1020 1531/1247/1467
f 1531/1247/1467 1288/1406/1020 945/1053/794 1125/1661/1465
f 1286/1404/1018 1531/1247/1467 1125/1661/1465 820/912/1019
f 947/1055/1055 1303/1421/1054 1532/1248/1468 1128/1664/1469
f 1303/1421/1054 946/1054/1053 1127/1663/1470 1532/1248/1468
f 1532/1248/1468 1127/1663/1470 816/908/986 1307/1425/1057
f 1128/1664/1469 1532/1248/1468 1307/1425/1057 825/917/1061
f 948/1056/987 1314/1432/1073 1533/1249/1471 1129/1665/1472
f 1314/1432/1073 947/1055/1055 1128/1664/1469 1533/1249/1471
f 1533/1249/1471 1128/1664/1469 825/917/1061 1317/1435/1075
f 1129/1665/1472 1533/1249/1471 1317/1435/1075 829/921/1079
f 827/919/1077 1130/1666/1473 1534/1250/1474 1316/1434/1078
f 1130/1666/1473 949/1057/991 1273/1391/988 1534/1250/1474
f 1534/1250/1474 1273/1391/988 948/1056/987 1129/1665/1472
f 1316/1434/1078 1534/1250/1474 1129/1665/1472 829/921/1079
f 823/915/1059 1131/1667/1475 1535/1251/1476 1315/1433/1076
f 1131/1667/1475 950/1058/1035 1308/1426/1062 1535/1251/1476
f 1535/1251/1476 1308/1426/1062 949/1057/991 1130/1666/1473
f 1315/1433/1076 1535/1251/1476 1130/1666/1473 827/919/1077
f 812/904/956 1132/1668/1477 1536/1252/1478 1305/1423/1058
f 1132/1668/1477 951/1059/957 1295/1413/1036 1536/1252/1478
f 1536/1252/1478 1295/1413/1036 950/1058/1035 1131/1667/1475
f 1305/1423/1058 1536/1252/1478 1131/1667/1475 823/915/1059
f 789/861/954 1133/1669/1479 1537/1253/1480 1257/1375/955
f 1133/1669/1479 952/1060/961 1259/1377/958 1537/1253/1480
f 1537/1253/1480 1259/1377/958 951/1059/957 1132/1668/1477
f 1257/1375/955 1537/1253/1480 1132/1668/1477 812/904/956
f 897/1003/1305 1134/1670/1481 1538/1254/1482 1060/1586/1340
f 1134/1670/1481 953/1061/1301 1058/1583/1336 1538/1254/1482
f 1538/1254/1482 1058/1583/1336 952/1060/961 1133/1669/1479
f 1060/1586/1340 1538/1254/1482 1133/1669/1479 789/861/954
f 889/991/840 1135/1671/1483 1539/1255/1484 1044/1567/1308
f 1135/1671/1483 954/1062/837 1040/1562/1302 1539/1255/1484
f 1539/1255/1484 1040/1562/1302 953/1061/1301 1134/1670/1481
f 1044/1567/1308 1539/1255/1484 1134/1670/1481 897/1003/1305
f 955/1063/839 1201/1311/838 1540/1256/1485 1136/1672/1486
f 1201/1311/838 954/1062/837 1135/1671/1483 1540/1256/1485
f 1540/1256/1485 1135/1671/1483 889/991/840 1206/1317/843
f 1136/1672/1486 1540/1256/1485 1206/1317/843 795/873/848
f 956/1064/908 1232/1346/907 1541/1257/1487 1137/1673/1488
f 1232/1346/907 955/1063/839 1136/1672/1486 1541/1257/1487
f 1541/1257/1487 1136/1672/1486 795/873/848 1243/1358/922
f 1137/1673/1488 1541/1257/1487 1243/1358/922 803/889/926
f 879/976/813 1138/1674/1489 1542/1258/1490 1027/1546/1277
f 1138/1674/1489 957/1065/801 1036/1557/1293 1542/1258/1490
f 1542/1258/1490 1036/1557/1293 956/1064/908 1137/1673/1488
f 1027/1546/1277 1542/1258/1490 1137/1673/1488 803/889/926
f 958/1066/803 1185/1293/802 1543/1259/1491 1139/1675/1492
f 1185/1293/802 957/1065/801 1138/1674/1489 1543/1259/1491
f 1543/1259/1491 1138/1674/1489 879/976/813 1194/1303/816
f 1139/1675/1492 1543/1259/1491 1194/1303/816 804/891/821
f 800/883/876 1140/1676/1493 1544/1260/1494 1245/1361/929
f 1140/1676/1493 959/1067/885 1234/1348/909 1544/1260/1494
f 1544/1260/1494 1234/1348/909 958/1066/803 1139/1675/1492
f 1245/1361/929 1544/1260/1494 1139/1675/1492 804/891/821
f 875/970/884 1141/1677/1495 1545/1261/1496 1222/1335/879
f 1141/1677/1495 960/1068/889 1223/1336/886 1545/1261/1496
f 1545/1261/1496 1223/1336/886 959/1067/885 1140/1676/1493
f 1222/1335/879 1545/1261/1496 1140/1676/1493 800/883/876
f 961/1069/1263 1018/1535/1262 1546/1262/1497 1142/1678/1498
f 1018/1535/1262 960/1068/889 1141/1677/1495 1546/1262/1497
f 1546/1262/1497 1141/1677/1495 875/970/884 1016/1533/1255
f 1142/1678/1498 1546/1262/1497 1016/1533/1255 791/864/1257
f 974/1082/1499 1143/1679/1500 1547/1263/1501 1145/1681/1502
f 1143/1679/1500 975/1083/1503 1144/1680/1504 1547/1263/1501
f 1547/1263/1501 1144/1680/1504 963/1071/1006 1335/1453/1111
f 1145/1681/1502 1547/1263/1501 1335/1453/1111 962/1070/1110
f 964/1072/1008 1281/1399/1007 1548/1264/1505 1147/1683/1506
f 1281/1399/1007 963/1071/1006 1144/1680/1504 1548/1264/1505
f 1548/1264/1505 1144/1680/1504 975/1083/1503 1146/1682/1507
f 1147/1683/1506 1548/1264/1505 1146/1682/1507 976/1084/1508
f 965/1073/1382 1121/1657/1459 1549/1265/1509 1149/1685/1510
f 1121/1657/1459 964/1072/1008 1147/1683/1506 1549/1265/1509
f 1549/1265/1509 1147/1683/1506 976/1084/1508 1148/1684/1511
f 1149/1685/1510 1549/1265/1509 1148/1684/1511 977/1085/1512
f 977/1085/1512 1150/1686/1513 1550/1266/1514 1149/1685/1510
f 1150/1686/1513 978/1086/1515 1151/1687/1516 1550/1266/1514
f 1550/1266/1514 1151/1687/1516 966/1074/1202 1083/1610/1383
f 1149/1685/1510 1550/1266/1514 1083/1610/1383 965/1073/1382
f 967/1075/1015 988/1503/1203 1551/1267/1517 1153/1689/1518
f 988/1503/1203 966/1074/1202 1151/1687/1516 1551/1267/1517
f 1551/1267/1517 1151/1687/1516 978/1086/1515 1152/1688/1519
f 1153/1689/1518 1551/1267/1517 1152/1688/1519 979/1087/1520
f 968/1076/1017 1285/1403/1016 1552/1268/1521 1155/1691/1522
f 1285/1403/1016 967/1075/1015 1153/1689/1518 1552/1268/1521
f 1552/1268/1521 1153/1689/1518 979/1087/1520 1154/1690/1523
f 1155/1691/1522 1552/1268/1521 1154/1690/1523 980/1088/1524
f 980/1088/1524 1156/1692/1525 1553/1269/1526 1155/1691/1522
f 1156/1692/1525 981/1089/1527 1157/1693/1528 1553/1269/1526
f 1553/1269/1526 1157/1693/1528 969/1077/1022 1126/1662/1466
f 1155/1691/1522 1553/1269/1526 1126/1662/1466 968/1076/1017
f 970/1078/1024 1289/1407/1023 1554/1270/1529 1159/1695/1530
f 1289/1407/1023 969/1077/1022 1157/1693/1528 1554/1270/1529
f 1554/1270/1529 1157/1693/1528 981/1089/1527 1158/1694/1531
f 1159/1695/1530 1554/1270/1529 1158/1694/1531 982/1090/1532
f 971/1079/1026 1332/1450/1107 1555/1271/1533 1161/1697/1534
f 1332/1450/1107 970/1078/1024 1159/1695/1530 1555/1271/1533
f 1555/1271/1533 1159/1695/1530 982/1090/1532 1160/1696/1535
f 1161/1697/1534 1555/1271/1533 1160/1696/1535 983/1091/1536
f 983/1091/1536 1162/1698/1537 1556/1272/1538 1161/1697/1534
f 1162/1698/1537 984/1092/1539 1163/1699/1540 1556/1272/1538
f 1556/1272/1538 1163/1699/1540 972/1080/1030 1291/1409/1027
f 1161/1697/1534 1556/1272/1538 1291/1409/1027 971/1079/1026
f 973/1081/1187 1372/1495/1186 1557/1273/1541 1165/1701/1542
f 1372/1495/1186 972/1080/1030 1163/1699/1540 1557/1273/1541
f 1557/1273/1541 1163/1699/1540 984/1092/1539 1164/1700/1543
f 1165/1701/1542 1557/1273/1541 1164/1700/1543 985/1093/1544
f 962/1070/1110 1079/1606/1377 1558/1274/1545 1145/1681/1502
f 1079/1606/1377 973/1081/1187 1165/1701/1542 1558/1274/1545
f 1558/1274/1545 1165/1701/1542 985/1093/1544 1166/1702/1546
f 1145/1681/1502 1558/1274/1545 1166/1702/1546 974/1082/1499
f 814/906/1121 1339/1457/1120 1559/1275/1547 1168/1704/1548
f 1339/1457/1120 844/936/975 1167/1703/1549 1559/1275/1547
f 1559/1275/1547 1167/1703/1549 975/1083/1503 1143/1679/1500
f 1168/1704/1548 1559/1275/1547 1143/1679/1500 974/1082/1499
f 976/1084/1508 1146/1682/1507 1560/1276/1550 1169/1705/1551
f 1146/1682/1507 975/1083/1503 1167/1703/1549 1560/1276/1550
f 1560/1276/1550 1167/1703/1549 844/936/975 1269/1387/978
f 1169/1705/1551 1560/1276/1550 1269/1387/978 941/1049/980
f 977/1085/1512 1148/1684/1511 1561/1277/1552 1170/1706/1553
f 1148/1684/1511 976/1084/1508 1169/1705/1551 1561/1277/1552
f 1561/1277/1552 1169/1705/1551 941/1049/980 1120/1656/1456
f 1170/1706/1553 1561/1277/1552 1120/1656/1456 815/907/1393
f 815/907/1393 1087/1614/1392 1562/1278/1554 1170/1706/1553
f 1087/1614/1392 918/1026/1204 1171/1707/1555 1562/1278/1554
f 1562/1278/1554 1171/1707/1555 978/1086/1515 1150/1686/1513
f 1170/1706/1553 1562/1278/1554 1150/1686/1513 977/1085/1512
f 979/1087/1520 1152/1688/1519 1563/1279/1556 1172/1708/1557
f 1152/1688/1519 978/1086/1515 1171/1707/1555 1563/1279/1556
f 1563/1279/1556 1171/1707/1555 918/1026/1204 992/1507/1207
f 1172/1708/1557 1563/1279/1556 992/1507/1207 863/955/981
f 980/1088/1524 1154/1690/1523 1564/1280/1558 1173/1709/1559
f 1154/1690/1523 979/1087/1520 1172/1708/1557 1564/1280/1558
f 1564/1280/1558 1172/1708/1557 863/955/981 1272/1390/984
f 1173/1709/1559 1564/1280/1558 1272/1390/984 816/908/986
f 816/908/986 1127/1663/1470 1565/1281/1560 1173/1709/1559
f 1127/1663/1470 946/1054/1053 1174/1710/1561 1565/1281/1560
f 1565/1281/1560 1174/1710/1561 981/1089/1527 1156/1692/1525
f 1173/1709/1559 1565/1281/1560 1156/1692/1525 980/1088/1524
f 982/1090/1532 1158/1694/1531 1566/1282/1562 1175/1711/1563
f 1158/1694/1531 981/1089/1527 1174/1710/1561 1566/1282/1562
f 1566/1282/1562 1174/1710/1561 946/1054/1053 1302/1420/1052
f 1175/1711/1563 1566/1282/1562 1302/1420/1052 841/933/1051
f 983/1091/1536 1160/1696/1535 1567/1283/1564 1176/1712/1565
f 1160/1696/1535 982/1090/1532 1175/1711/1563 1567/1283/1564
f 1567/1283/1564 1175/1711/1563 841/933/1051 1331/1449/1103
f 1176/1712/1565 1567/1283/1564 1331/1449/1103 817/909/1001
f 817/909/1001 1278/1396/1000 1568/1284/1566 1176/1712/1565
f 1278/1396/1000 859/951/999 1177/1713/1567 1568/1284/1566
f 1568/1284/1566 1177/1713/1567 984/1092/1539 1162/1698/1537
f 1176/1712/1565 1568/1284/1566 1162/1698/1537 983/1091/1536
f 985/1093/1544 1164/1700/1543 1569/1285/1568 1178/1714/1569
f 1164/1700/1543 984/1092/1539 1177/1713/1567 1569/1285/1568
f 1569/1285/1568 1177/1713/1567 859/951/999 1371/1494/1181
f 1178/1714/1569 1569/1285/1568 1371/1494/1181 914/1022/1183
f 974/1082/1499 1166/1702/1546 1570/1286/1570 1168/1704/1548
f 1166/1702/1546 985/1093/1544 1178/1714/1569 1570/1286/1570
f 1570/1286/1570 1178/1714/1569 914/1022/1183 1078/1605/1374
f 1168/1704/1548 1570/1286/1570 1078/1605/1374 814/906/1121
